,poster,post_date,comment_person,comment,comment_date,hashtags,type,Sentiment
0,beyonce,2022-7-29,TikTok ,hive sleeping tonight,2022-7-29,[],post-release,Neutral
1,beyonce,2022-7-29,ShalissaaaaaağŸ˜ğŸ§ğŸ¾â€â™€ï¸ğŸ¥´ğŸ’– ,nah church girl took lil loop ngl,2022-7-29,[],post-release,Negative
2,beyonce,2022-7-29,ChannDaily ğŸ³ï¸â€ğŸŒˆ ,transition cuff energy never sleep guess,2022-7-29,[],post-release,Positive
3,beyonce,2022-7-29,ZAYA ,renaissance truly,2022-7-29,[],post-release,Positive
4,beyonce,2022-7-29,joeybonvie ,alien superstar everything,2022-7-29,[],post-release,Neutral
5,beyonce,2022-7-29,BaddieBeyğŸ˜œğŸ˜œğŸ˜œ ,beyonc ate deeply sorry people leaked work spend blood sweat tears still anyways,2022-7-29,[],post-release,Negative
6,beyonce,2022-7-29,Challan ,literally entire day marked calendar,2022-7-29,[],post-release,Neutral
7,beyonce,2022-7-29,Syd (YourHealthCareScoop) ,madam transitions even realize halfway energy,2022-7-29,[],post-release,Positive
8,beyonce,2022-7-29,Oliver Sims IV ,way realize songs transitions smooth,2022-7-29,[],post-release,Neutral
9,beyonce,2022-7-29,Therealsnowsister ğŸ€ ,sike got,2022-8-4,[],post-release,Neutral
10,beyonce,2022-7-29,Nate White ,let us go leme put knee pads,2022-7-29,[],post-release,Neutral
11,beyonce,2022-7-29,JuicyBodyGoddess ,thique new soul song,2022-7-29,[],post-release,Neutral
12,beyonce,2022-7-29,Vanna_314 ,bey ready church girl,2022-7-29,[],post-release,Positive
13,beyonce,2022-7-29,ZURIâš¡ï¸ ,quit job fell love album queen thank,2022-7-29,[],post-release,Positive
14,beyonce,2022-7-29,Best of Vogueâ„¢ ,losing right,2022-7-29,[],post-release,Negative
15,beyonce,2022-7-29,back pain ,virgos groove slaying,2022-7-29,[],post-release,Neutral
16,beyonce,2022-7-29,Stream Renaissance ,already topping charts queen industry,2022-7-29,[],post-release,Neutral
17,beyonce,2022-7-29,Mo Ashlei ,virgos queen gave us another anthem,2022-7-29,[],post-release,Neutral
18,beyonce,2022-7-29,bran ,album everything kidding,2022-7-29,[],post-release,Positive
19,beyonce,2022-7-29,Beynet ,know visuals gon go crazy,2022-7-29,[],post-release,Negative
20,beyonce,2022-7-29,MegaGoneFree ,queen bee back,2022-7-29,[],post-release,Neutral
21,beyonce,2022-7-29,JÃ¶shuaxavious â­ï¸ ,church girls rise,2022-7-29,[],post-release,Neutral
22,beyonce,2022-7-29,Mrs. Johnnitta Jackson ,love thique already beyonc,2022-7-29,[],post-release,Positive
23,beyonce,2022-7-29,PatD Lucky ,,2022-7-29,[],post-release,Neutral
24,beyonce,2022-7-29,hnicholsillustration ,lucky,2022-7-29,[],post-release,Positive
25,beyonce,2022-7-29,Canaan ,move though,2022-7-29,[],post-release,Neutral
26,beyonce,2022-7-29,Texas Humor ,sleeping tn,2022-7-29,[],post-release,Neutral
27,beyonce,2022-7-29,Fernanda ,beyonce literally beautiful,2022-7-29,[],post-release,Positive
28,beyonce,2022-7-29,Josh Dior ğŸ¤ŸğŸ¾ğŸ˜› ,ready,2022-7-29,[],post-release,Positive
29,beyonce,2022-7-29,Btypep ,love reason b joined tt promote album knows audience marketing,2022-7-30,[],post-release,Positive
30,beyonce,2022-7-29,Rah ,ready,2022-7-29,[],post-release,Positive
31,beyonce,2022-7-29,lust ,beyonc mother,2022-7-29,[],post-release,Neutral
32,beyonce,2022-7-29,Shawn Thomas ğŸ‡ºğŸ‡¸ğŸ‡®ğŸ‡³ ,back,2022-7-29,[],post-release,Neutral
33,beyonce,2022-7-29,Riz ,beyonc beyonc,2022-7-29,[],post-release,Neutral
34,beyonce,2022-7-29,RT4 ,classic album sure best,2022-7-29,[],post-release,Positive
35,beyonce,2022-7-29,Laya ,hi beyonc,2022-7-29,[],post-release,Neutral
36,beyonce,2022-7-29,Daniel Lykke Holm ,album saved summer,2022-7-29,[],post-release,Positive
37,beyonce,2022-7-29,Austun Reid ,early beyonc tiktok,2022-7-29,[],post-release,Neutral
38,beyonce,2022-7-29,bran ,pure honey best thing ever heard,2022-7-29,[],post-release,Positive
39,beyonce,2022-7-29,Teyana Taylor ğŸ ,love album,2022-7-29,[],post-release,Positive
40,beyonce,2022-7-29,Thee Muses ,understand already listened five times full least,2022-7-30,[],post-release,Neutral
41,beyonce,2022-7-29,ğ““ğ“ªğ“·ğ“ªğ”‚ğ“®Ì ğŸ‘¼ğŸ½ ,whole album straight fire shook idc nobody say love,2022-7-29,[],post-release,Positive
42,beyonce,2022-7-29,Thickleeyonce ,yes please,2022-7-29,[],post-release,Positive
43,beyonce,2022-7-29,ğ™‡ğ™€ğ™ŠÂ® ,lying blocking get flop era,2022-8-1,[],post-release,Negative
44,beyonce,2022-7-29,Gab ,top songs album alien superstar cuff church girl,2022-7-29,[],post-release,Positive
45,beyonce,2022-7-29,isaac ,ready,2022-7-29,[],post-release,Positive
46,beyonce,2022-7-29,Meme Monroe ,acts right albums dropping,2022-7-29,[],post-release,Neutral
47,beyonce,2022-7-29,YoncÃ©â€™s WifeğŸ’ğŸ’ ,cannot breathe bey,2022-7-29,[],post-release,Neutral
48,beyonce,2022-7-29,Kenyana Keke Houston ,best birthday gift ever,2022-7-29,[],post-release,Positive
49,beyonce,2022-7-29,Matona Ngidi ,let us talk pure honey,2022-7-31,[],post-release,Neutral
50,beyonce,2022-7-29,Cameron Goode ,queen,2022-7-29,[],post-release,Neutral
51,beyonce,2022-7-29,Izzy Tha God ,album year,2022-7-29,[],post-release,Neutral
52,beyonce,2022-7-29,nia ,cannot stop watching,2022-7-29,[],post-release,Positive
53,beyonce,2022-7-29,jaz ,listened songs omg thank,2022-7-29,[],post-release,Positive
54,beyonce,2022-7-29,Shera ,entire album serious vibe seamless beautiful,2022-7-29,[],post-release,Positive
55,beyonce,2022-7-29,TerryKaye ,cmon,2022-7-29,[],post-release,Neutral
56,beyonce,2022-7-29,Kai | Natural Hair + Beauty ,much good nights rest,2022-7-29,[],post-release,Positive
57,beyonce,2022-7-29,Mason Blake ,mother,2022-8-3,[],post-release,Neutral
58,beyonce,2022-7-29,s12h11 ,ohh waited long heard album honest wanted soul r b like sasha fierce album hm happened,2022-7-29,[],post-release,Positive
59,beyonce,2022-7-29,YonceSupport ,mother,2022-7-29,[],post-release,Neutral
60,beyonce,2022-7-29,Louise Epa-Rolfe ,pure honey,2022-7-29,[],post-release,Neutral
61,beyonce,2022-7-29,Jamesia Manning ,heard album,2022-7-29,[],post-release,Neutral
62,beyonce,2022-7-29,âœ¨AJâœ¨ ,orbit,2022-7-29,[],post-release,Neutral
63,beyonce,2022-7-29,Griot JBHarris ,yas,2022-7-29,[],post-release,Neutral
64,beyonce,2022-7-29,Ashley Dalton ,queen,2022-7-29,[],post-release,Neutral
65,beyonce,2022-7-29,Sebastian Urdiales ,queen back,2022-7-29,[],post-release,Neutral
66,beyonce,2022-7-29,Retard ,listening album right,2022-7-29,[],post-release,Neutral
67,beyonce,2022-7-29,Justâ€‚Huge ,interesting,2022-7-29,[],post-release,Positive
68,beyonce,2022-7-29,Crystal ,mother mother album baybe whew,2022-7-29,[],post-release,Neutral
69,beyonce,2022-7-29,beyonce ,queen industry,2022-7-29,[],post-release,Neutral
70,beyonce,2022-7-29,Sukhraj Bassi ,took friday knew going hyped,2022-7-29,[],post-release,Neutral
71,beyonce,2022-7-29,naie â™¡ ,visuals eating,2022-7-30,[],post-release,Neutral
72,beyonce,2022-7-29,HollywoodGenGen ,yas,2022-7-29,[],post-release,Neutral
73,beyonce,2022-7-29,Hayden Delishaas ,early lets go,2022-7-29,[],post-release,Neutral
74,beyonce,2022-7-29,Crystal in the laboratory ,loved definitely skips album,2022-7-29,[],post-release,Positive
75,beyonce,2022-7-29,sebas ,mother arrived,2022-7-29,[],post-release,Neutral
76,beyonce,2022-7-29,Nicki Minaj ,album fire queenn,2022-7-29,[],post-release,Negative
77,beyonce,2022-7-29,Mike ,church girl wow,2022-7-29,[],post-release,Positive
78,beyonce,2022-7-29,Shenee ,like incredible awe crying shaking losing,2022-7-29,[],post-release,Negative
79,beyonce,2022-7-29,B. Lee â˜€ï¸ ,taking,2022-7-29,[],post-release,Neutral
80,beyonce,2022-7-29,Keith Donald ,album,2022-7-29,[],post-release,Neutral
81,beyonce,2022-7-29,Elyssia MariÃ¨ ,queen b,2022-7-29,[],post-release,Neutral
82,beyonce,2022-7-29,ADHD while Black ,please gasping,2022-7-29,[],post-release,Positive
83,beyonce,2022-7-29,Eric. ,sleeping tonight,2022-7-29,[],post-release,Neutral
84,beyonce,2022-7-29,salamandra ,first,2022-7-29,[],post-release,Neutral
85,beyonce,2022-7-29,Brandi Smith ,ok queen,2022-7-29,[],post-release,Positive
86,beyonce,2022-7-29,Luminous Rah ,look hear music knew ready,2022-7-29,[],post-release,Positive
87,beyonce,2022-7-29,h3rizonmusic ,,2022-8-7,[],post-release,Neutral
88,beyonce,2022-7-29,ğ™—ğ™¤ğ™£ğ™£ğ™ğ™šğ™®ğ™¤ğ™£ğ™˜ğ™š ,cannot breathe,2022-7-29,[],post-release,Neutral
89,beyonce,2022-7-29,Kiara ,queen mother live breathe,2022-7-29,[],post-release,Neutral
90,beyonce,2022-7-29,STALLI. ,real active lately,2022-7-29,[],post-release,Positive
91,beyonce,2022-7-29,Blippi ,else listened whole thing one sitting,2022-7-29,[],post-release,Neutral
92,beyonce,2022-7-29,Ivyonbeat._ ,omg,2022-7-29,[],post-release,Neutral
93,beyonce,2022-7-29,JRSaxophonic ,werk madam get,2022-7-29,[],post-release,Neutral
94,beyonce,2022-7-29,ğ·ğ‘ğ‘£ğ‘–ğ‘‘ğŸ¤ğŸ˜ ,listened da album nd worth,2022-7-29,[],post-release,Positive
95,beyonce,2022-7-29,. ,hey still also,2022-7-29,[],post-release,Neutral
96,beyonce,2022-7-29,Veam Razaleigh ,sleeping,2022-7-29,[],post-release,Neutral
97,beyonce,2022-7-29,âœ¨AJâœ¨ ,get freaking right,2022-7-29,[],post-release,Negative
98,beyonce,2022-7-29,beyoncÃ© ,queen,2022-8-7,[],post-release,Neutral
99,beyonce,2022-7-29,Widowed Mama ,likes know way early,2022-7-29,[],post-release,Positive
100,beyonce,2022-7-29,editzbylyric ,woah mad early,2022-7-29,[],post-release,Negative
101,beyonce,2022-7-29,Elle Bee ,yes,2022-8-12,[],post-release,Positive
102,beyonce,2022-7-29,Prince_Desmonddd ,one else world thinks like us minds wired different headquarters shipped away lmao,2022-8-21,[],post-release,Positive
103,beyonce,2022-7-29,theonakaelang ,going sell kidney album,2022-11-21,[],post-release,Neutral
104,beyonce,2022-7-29,Flower. _.wrrks ,heated everything,3d ago ,[],post-release,Neutral
105,beyonce,2022-7-29,Doctor Neket ,beyonce,3d ago ,[],post-release,Neutral
106,beyonce,2022-7-29,Theâ€‚ğŸ”Œ ,know r gave sasha fierce experience n way around channel match frequency,5d ago ,[],post-release,Neutral
107,beyonce,2022-7-29,Fabie_971 ,best ever,1w ago ,[],post-release,Positive
108,beyonce,2022-7-29,Gogos Corner ,woman everything,6-8,[],post-release,Neutral
109,beyonce,2022-7-29,Littlefinger apologist ,year,6-3,[],post-release,Neutral
110,beyonce,2022-7-29,user548001151017 ,follow back,6-2,[],post-release,Neutral
111,beyonce,2022-7-29,somerica ,queen,5-31,[],post-release,Neutral
112,beyonce,2022-7-29,FailForRealz ,gen z care beyonc obv got message posted couple videos abandoned account,5-30,[],post-release,Positive
113,beyonce,2022-7-29,Honyeh ,selling tickets london concert anyones interested,5-29,[],post-release,Positive
114,beyonce,2022-7-29,T. marguerite ,beyonce diva,5-28,[],post-release,Neutral
115,beyonce,2022-7-29,ğŸ’œğ™ˆğ™¤ğ™£ğ™ğ™˜ğ™–ğŸ’œâ™ï¸ ,h town fabolous,5-28,[],post-release,Neutral
116,beyonce,2022-7-29,Trong Kien ,girl years visuals please,5-27,[],post-release,Positive
117,beyonce,2022-7-29,CLASSIC KETOGENIC DIET 101 ,,5-27,[],post-release,Neutral
118,beyonce,2022-7-29,quardiasmith ,people girl talented versitle mass prep well know worthy said like amany well yel however playing,5-26,[],post-release,Positive
119,beyonce,2022-7-29,RonelMiller NL ,nice,5-21,[],post-release,Positive
120,beyonce,2022-7-29,FeetZ ,shoes,5-18,[],post-release,Neutral
121,beyonce,2022-7-29,camcam04ğŸ’œ ,tomorrow day beyhive bout lit ready,5-9,[],post-release,Positive
122,beyonce,2022-7-29,user24755331864 ,hello beyonce want collaborate new songs,5-7,[],post-release,Positive
123,beyonce,2022-7-29,art ,turn god sweet,5-5,[],post-release,Positive
124,beyonce,2022-7-29,â™’ï¸ ,renaissance yet begun,5-2,[],post-release,Neutral
125,beyonce,2022-7-29,Miasalleh0 ,way,5-1,[],post-release,Neutral
126,beyonce,2022-7-29,Thalya Oliveira ,,4-27,[],post-release,Neutral
127,beyonce,2022-7-29,ğ’¯ğ‘œğ’¹ğ’¶ğ’½ğŸ’Ÿ ,beyonc,4-26,[],post-release,Neutral
128,beyonce,2022-7-29,tall don ,instrument damn,4-25,[],post-release,Negative
129,beyonce,2022-7-29,SVT Supremacy ,still waiting visuals mind,4-21,[],post-release,Neutral
130,beyonce,2022-7-29,Inuyasha ,,4-18,[],post-release,Neutral
131,beyonce,2022-7-29,!! ,funny wit honey,4-18,[],post-release,Positive
132,beyonce,2022-7-29,Mrs. Mensah â™Œï¸ ,,4-17,[],post-release,Neutral
133,beyonce,2022-7-29,Houstonian ,born stallion real talent,4-10,[],post-release,Positive
134,beyonce,2022-7-29,Neekitha ,dates africa pls nigeria lagos abuja fine pls drop dates,3-30,[],post-release,Positive
135,beyonce,2022-7-29,Icee Jallow ,mj thrilling grave,3-30,[],post-release,Positive
136,beyonce,2022-7-29,handa_EXO ,beyonce see collaborating exo end year english language song dance exo,3-24,[],post-release,Neutral
137,beyonce,2022-7-29,ilovecatssomuchalia ,beyonce please answer comment,3-19,[],post-release,Positive
138,beyonce,2022-7-29,devinğŸª© ,ready omg,3-9,[],post-release,Positive
139,beyonce,2022-7-29,noah ,lilybet wqs iconic,3-1,[],post-release,Neutral
140,beyonce,2022-7-29,Boo ,watch yung pryce song anchor,2-27,[],post-release,Neutral
141,beyonce,2022-7-29,Miasalleh0 ,love songs girl,2-26,[],post-release,Positive
142,beyonce,2022-7-29,badd ,gorgeous,2-24,[],post-release,Positive
143,beyonce,2022-7-29,BLUE BARBARA ,,2-21,[],post-release,Neutral
144,beyonce,2022-7-29,rÃ³isÃ­n (taylor's version) ,album everything,2-18,[],post-release,Neutral
145,beyonce,2022-7-29,R ,deal woman nothing special heard better music seen prettier women,2-18,[],post-release,Negative
146,beyonce,2022-7-29,jj ,beyonce sean carter epstein island,2-15,[],post-release,Neutral
147,beyonce,2022-7-29,the blond king ,hello coming see belgium france relationship joshua would like make marriage,2-15,[],post-release,Positive
148,beyonce,2022-7-29,teetee ,jesus loves,2-11,[],post-release,Positive
149,beyonce,2022-7-29,Inuyasha ,love music queen bey,2-11,[],post-release,Positive
150,beyonce,2022-7-29,grownwomanğŸ‘‘ ,yes,2-10,[],post-release,Positive
151,beyonce,2022-7-29,Nonny ,,2-10,[],post-release,Neutral
152,beyonce,2022-7-29,Wilcar Vasconcellos ,power,2-8,[],post-release,Neutral
153,beyonce,2022-7-29,nia! ,playing wit,2-8,[],post-release,Positive
154,beyonce,2022-7-29,jc Calisseee ,boy ever mentions name clique urgent spend hours ever esponsible saturns gate want see,2-8,[],post-release,Positive
155,beyonce,2022-7-29,Greta ,queen blessing us,2-7,[],post-release,Positive
156,beyonce,2022-7-29,NOVELLA ,congratulations,2-6,[],post-release,Positive
157,beyonce,2022-7-29,Keita abdoulğŸ‡¨ğŸ‡®ğŸ¦…ğŸ‡«ğŸ‡·â¤ï¸ğŸ‡«ğŸ‡· ,please one fan please get touch want speak please god sake,2-6,[],post-release,Positive
158,beyonce,2022-7-29,Jonas Everlasting ,pretty,2-4,[],post-release,Positive
159,beyonce,2022-7-29,Ğ®Ñ€Ğ¸Ğ¹ Ğ‘ÑƒĞ³Ğ°ĞµĞ²ğŸ”¥YURIY BUGAYOVğŸ”¥ ,beautiful,2-1,[],post-release,Positive
160,beyonce,2022-7-29,Mya ,beyonce queen,1-29,[],post-release,Neutral
161,beyonce,2022-7-29,ğŸ©·preppy!!ğŸ©· ,mom obsessed church girl heated play everyday,1-25,[],post-release,Positive
162,beyonce,2022-7-29,Queen_Shalyn_22ğŸ˜œâ¤ï¸â€ğŸ”¥ğŸ’ ,yes beyonce,1-24,[],post-release,Positive
163,beyonce,2022-7-29,bana ,queen beyonce,1-24,[],post-release,Neutral
164,beyonce,2022-7-29,ezznÃ¤llaaaaa ,beyonc,1-22,[],post-release,Neutral
165,beyonce,2022-7-29,Apple User372724300 ,sorry hear well enjoying day hope well dad life great friend,1-22,[],post-release,Positive
166,beyonce,2022-7-29,vigan makolli ,,1-21,[],post-release,Neutral
167,beyonce,2022-7-29,GODBLESSYOUUâ€ â¤ï¸ ,jesus loves,1-16,[],post-release,Positive
168,beyonce,2022-7-29,meganschild ,loved,1-15,[],post-release,Positive
169,beyonce,2022-7-29,.. ,know truth,1-9,[],post-release,Positive
170,beyonce,2022-7-29,Janet ,queen,1-5,[],post-release,Neutral
171,beyonce,2022-7-29,Erza ,church girl wow,1-2,[],post-release,Positive
172,beyonce,2022-7-29,Erza ,sleeping tn,1-2,[],post-release,Neutral
173,beyonce,2022-7-29,Erza ,literally entire day marked calendar,1-2,[],post-release,Neutral
174,beyonce,2022-7-29,Erza ,yes please,1-2,[],post-release,Positive
175,beyonce,2022-7-29,Erza ,hive sleeping tonight,1-2,[],post-release,Neutral
176,beyonce,2022-7-29,Kimberly King ,love cd grown beyonc love every minute love kim,2022-12-31,[],post-release,Positive
177,beyonce,2022-7-29,FRENJI ,beautiful,2022-12-25,[],post-release,Positive
178,beyonce,2022-7-29,Kukie ,hello virgo sister pray nothing happen go days dry fasting okay beyonce,2022-12-20,[],post-release,Positive
179,beyonce,2022-7-29,T. marguerite ,,2022-12-18,[],post-release,Neutral
180,beyonce,2022-7-29,leahcimyerorellab ,,2022-12-17,[],post-release,Neutral
181,beyonce,2022-7-29,â™’ï¸ ,mean,2022-12-15,[],post-release,Neutral
182,beyonce,2022-7-29,Ariana fan 309 ,queen,2022-12-14,[],post-release,Neutral
183,beyonce,2022-7-29,Queen of Atlanta ,greetings globe,2022-12-8,[],post-release,Positive
184,beyonce,2022-7-29,tommy ,go make another deal dev,2022-11-30,[],post-release,Neutral
185,beyonce,2022-7-29,Jas Carter ,beautiful b,2022-11-25,[],post-release,Positive
186,beyonce,2022-7-29,heheheh ,love beyonce virgos,2022-11-24,[],post-release,Positive
187,beyonce,2022-7-29,carrotcake ,favorite,2022-11-24,[],post-release,Positive
188,beyonce,2022-7-29,michaelreycabal13 ,queen,2022-11-20,[],post-release,Neutral
189,beyonce,2022-7-29,michaelreycabal13 ,,2022-11-20,[],post-release,Neutral
190,beyonce,2022-7-29,michaelreycabal13 ,,2022-11-20,[],post-release,Neutral
191,beyonce,2022-7-29,Kea Kea Mo ,,2022-11-16,[],post-release,Neutral
192,beyonce,2022-7-29,Eunicetomindyourbusiness ,nice also us laughs,2022-11-12,[],post-release,Positive
193,beyonce,2022-7-29,Melody Shame ,slay,2022-11-9,[],post-release,Neutral
194,beyonce,2022-7-29,KYNG ,amazing,2022-11-7,[],post-release,Positive
195,beyonce,2022-7-29,airon ,,2022-11-6,[],post-release,Neutral
196,beyonce,2022-7-29,krazefag ,,2022-11-6,[],post-release,Neutral
197,beyonce,2022-7-29,ğŸ©·âœ¨ğ™ºğš¢ğš›ğš’ğš’âœ¨ğŸ©µ ,love song,2022-11-6,[],post-release,Positive
198,beyonce,2022-7-29,Algonquin and Ojibway woman ,plenty likes believe making rich richer,2022-11-4,[],post-release,Positive
199,beyonce,2022-7-29,iviweğŸ©· ,madam november,2022-11-1,[],post-release,Neutral
200,beyonce,2022-7-29,Natty_realğŸ‘‘ğŸ¤ ,,2022-11-1,[],post-release,Neutral
201,beyonce,2022-7-29,golden Esther ,,2022-10-31,[],post-release,Neutral
202,beyonce,2022-7-29,Mike Thabiso Mokwena ,please release visuals,2022-10-27,[],post-release,Positive
203,beyonce,2022-7-29,arianorvera ,queen bey,2022-10-27,[],post-release,Neutral
204,beyonce,2022-7-29,michaelreycabal60 ,,2022-10-27,[],post-release,Neutral
205,beyonce,2022-7-29,lavender9623 ,,2022-10-27,[],post-release,Neutral
206,beyonce,2022-7-29,jasmineashikiro ,queen,2022-10-27,[],post-release,Neutral
207,beyonce,2022-7-29,jasmineashikiro ,,2022-10-27,[],post-release,Neutral
208,beyonce,2022-7-29,Austin Runnels ,filmed,2022-10-27,[],post-release,Neutral
209,beyonce,2022-7-29,kimpitts227 ,love,2022-10-26,[],post-release,Positive
210,beyonce,2022-7-29,kinita ,wow,2022-10-26,[],post-release,Positive
211,beyonce,2022-7-29,music is the answer ,fantastic,2022-10-22,[],post-release,Positive
212,beyonce,2022-7-29,Norma ,sensational,2022-10-22,[],post-release,Neutral
213,beyonce,2022-7-29,porsha â™¡ ,amazing,2022-10-18,[],post-release,Positive
214,beyonce,2022-7-29,Ricky ,almost months literally point posting,2022-10-18,[],post-release,Neutral
215,beyonce,2022-7-29,MarkandrÃ© ,best song album,2022-10-18,[],post-release,Positive
216,beyonce,2022-7-29,Noam ,,2022-10-17,[],post-release,Neutral
217,beyonce,2022-7-29,ANN â¤ï¸ ,,2022-10-15,[],post-release,Neutral
218,beyonce,2022-7-29,user5281692707350 ,period,2022-10-15,[],post-release,Neutral
219,beyonce,2022-7-29,WISH SABAHAN STYLE ğŸ‡²ğŸ‡¾ ,wow,2022-10-15,[],post-release,Positive
220,beyonce,2022-7-29,user6575848692726 ,fabulous queen,2022-10-15,[],post-release,Positive
221,beyonce,2022-7-29,arianorvera ,,2022-10-13,[],post-release,Neutral
222,beyonce,2022-7-29,user6176819577298 ,everything kidding,2022-10-11,[],post-release,Positive
223,beyonce,2022-7-29,Habibi ,,2022-10-10,[],post-release,Neutral
224,beyonce,2022-7-29,SimonağŸ‘©ğŸ» ,queenn,2022-10-10,[],post-release,Neutral
225,beyonce,2022-7-29,Christina M Burley ,baddie,2022-10-10,[],post-release,Neutral
226,beyonce,2022-7-29,aldo â˜†ï¾Ÿ.* ,release,2022-10-10,[],post-release,Neutral
227,beyonce,2022-7-29,princess diana ,pick kim k day hey quen,2022-10-10,[],post-release,Neutral
228,beyonce,2022-7-29,I am ,,2022-10-9,[],post-release,Neutral
229,beyonce,2022-7-29,anitaitsme26 ,pretty lady amazing,2022-10-7,[],post-release,Positive
230,beyonce,2022-7-29,Mâ˜†KA ,aye,2022-10-7,[],post-release,Neutral
231,beyonce,2022-7-29,Likeâ€¦..? ,last song called,2022-10-7,[],post-release,Neutral
232,beyonce,2022-7-29,userzy070938h7 ,devoured album queen,2022-10-7,[],post-release,Neutral
233,beyonce,2022-7-29,JermaineGee ,,2022-10-6,[],post-release,Neutral
234,beyonce,2022-7-29,namik.bv ,wow,2022-10-5,[],post-release,Positive
235,beyonce,2022-7-29,celestial hours ,months visuals madam,2022-10-2,[],post-release,Neutral
236,beyonce,2022-7-29,Anaâœ¨ ,queen,2022-10-2,[],post-release,Neutral
237,beyonce,2022-7-29,KingBeeğŸ‘‘ğŸ ,love bee,2022-10-2,[],post-release,Positive
238,beyonce,2022-7-29,IAMCINNAMON ,perseverance,2022-10-2,[],post-release,Neutral
239,beyonce,2022-7-29,Shauna Plentybears ,jacket beyonc halloween,2022-10-1,[],post-release,Neutral
240,beyonce,2022-7-29,scropicgirl ,beyonce love songs,2022-10-1,[],post-release,Positive
241,beyonce,2022-7-29,kimpitts227 ,love,2022-9-30,[],post-release,Positive
242,beyonce,2022-7-29,MikeyyyyyBtyyyy ,goddess,2022-9-30,[],post-release,Neutral
243,beyonce,2022-7-29,user3868736613513 ,know olivia cheated madi davina,2022-9-30,[],post-release,Negative
244,beyonce,2022-7-29,Selim EÅŸol ,beyonce poem like sun never goes angel never dies like talismanic candy sweet,2022-9-29,[],post-release,Positive
245,beyonce,2022-7-29,LA ,love queen b,2022-9-29,[],post-release,Positive
246,beyonce,2022-7-29,Joe ,queen,2022-9-29,[],post-release,Neutral
247,beyonce,2022-7-29,Susan_Albert ,amazing,2022-9-28,[],post-release,Positive
248,beyonce,2022-7-29,Selim EÅŸol ,sun stars go beyonce,2022-9-28,[],post-release,Neutral
249,beyonce,2022-7-29,Roseland Cabral ,queen,2022-9-28,[],post-release,Neutral
250,beyonce,2022-7-29,@charli__x__charli ,yes queen,2022-9-26,[],post-release,Positive
251,beyonce,2022-7-29,TraceyTay ,renaissance even mean,2022-9-25,[],post-release,Neutral
252,beyonce,2022-7-29,lemzykay ,cannot wait music videos performances,2022-9-25,[],post-release,Neutral
253,beyonce,2022-7-29,Layla ğŸ¦‹ğŸ‡²ğŸ‡¦ğŸ‡©ğŸ‡ª ,,2022-9-23,[],post-release,Neutral
254,beyonce,2022-7-29,JannyJayzâœ… ,life,2022-9-17,[],post-release,Neutral
255,beyonce,2022-7-29,sarah ,,2022-9-16,[],post-release,Neutral
256,beyonce,2022-7-29,JoÃ£o Pedro ,girl visuals want,2022-9-16,[],post-release,Positive
257,beyonce,2022-7-29,OFF  LINEğŸ¥ºğŸ’” ,plz promote,2022-9-12,[],post-release,Positive
258,beyonce,2022-7-29,OFF  LINEğŸ¥ºğŸ’” ,plz promote,2022-9-12,[],post-release,Positive
259,beyonce,2022-7-29,priaslebew ,slay queen b,2022-9-11,[],post-release,Neutral
260,beyonce,2022-7-29,ğŸ”®MANDY AKA LUCA RED ,yes,2022-9-11,[],post-release,Positive
261,beyonce,2022-7-29,kulfi224 ,cool,2022-9-8,[],post-release,Positive
262,beyonce,2022-7-29,Mrs_Honey75 ,happy birthday,2022-9-5,[],post-release,Positive
263,beyonce,2022-7-29,JoyceğŸ¥°ğŸ¥° ,hi,2022-9-4,[],post-release,Neutral
264,beyonce,2022-7-29,michaelreycabal60 ,queen bey,2022-9-3,[],post-release,Neutral
265,beyonce,2022-7-29,aprilchandler301 ,omg album everything,2022-8-21,[],post-release,Neutral
266,beyonce,2022-7-29,olsan ğŸ ,avisa que vai ter visual sim mas quando voc quiser amm,2022-7-29,[],post-release,Neutral
267,beyonce,2022-7-29,beyoncÃ©ğŸ ,lbum est perfeito,2022-7-29,[],post-release,Neutral
268,beyonce,2022-7-29,isiqueen_ ,dejaste ni la galaxia,2022-7-29,[],post-release,Neutral
269,beyonce,2022-7-29,ZazÃ¡ ,beyonce obrigada por tudo mami,2022-8-11,[],post-release,Neutral
270,beyonce,2022-7-29,everson ,gente sei pra vocs mas pra mim beyonce mais perspicaz que os outros maior,2022-8-9,[],post-release,Neutral
271,beyonce,2022-7-29,ğŸ•· ,eu ainda estou sem acreditar,2022-7-29,[],post-release,Neutral
272,beyonce,2022-7-29,anguesomo120 ,si algn da podr recibir un saludo de beyonce,2022-8-18,[],post-release,Neutral
273,beyonce,2022-7-29,Tanya ,j jamais cru dire mais je suis dyou de l de bey j mme pas pu tout cout,2022-7-29,[],post-release,Negative
274,beyonce,2022-7-29,Marian ,vamos b dame los visuales,2022-7-29,[],post-release,Neutral
275,beyonce,2022-7-29,La maison de poupÃ©e cosmetics ,la lgende de lunivers tout entier,2022-7-29,[],post-release,Negative
276,beyonce,2022-7-29,Erick Angel ,una artista indiscutiblemente asombrosa,2022-7-29,[],post-release,Neutral
277,beyonce,2022-7-29,DirenğŸ§¸ ,je tremble carrment wsh beyonce best singer alive,2022-7-29,[],post-release,Positive
278,beyonce,2022-7-29,Alexia Appolline g ,cual es tu sonido favorito de beyonce,2022-8-21,[],post-release,Neutral
279,beyonce,2022-7-29,Lyan ğŸŒ FrÃ©quence haute ,jai commenc couter jai pas pu marrter mon corps boug tout seul la vibe est trop bonne,2022-7-29,[],post-release,Negative
280,beyonce,2022-7-29,sasa ,voc sempre sera artista,2022-7-29,[],post-release,Neutral
281,beyonce,2022-7-29,Clara Rosal ,como que msm dps de j ter feito tudo vc ainda consegue fazer algo totalme diferente,2022-7-29,[],post-release,Neutral
282,beyonce,2022-7-29,BeyoncÃ© ,el nuevo lbum tendra que estar considerado como una de las maravillas del mundo,2022-7-29,[],post-release,Neutral
283,beyonce,2022-7-29,TinağŸ«¦ ,ph ca trc nhn sao,2022-8-1,[],post-release,Neutral
284,beyonce,2022-7-29,Johnata ,mulher libera logo,2022-7-29,[],post-release,Neutral
285,beyonce,2022-7-29,devlin ,jai un pote qui os dire quelle tait plus dactualit,2022-8-23,[],post-release,Negative
286,beyonce,2022-7-29,Orlando Nascimento ,muito renascida,2022-7-29,[],post-release,Neutral
287,beyonce,2022-7-29,nicolly ,patroa,2022-7-29,[],post-release,Neutral
288,beyonce,2022-7-29,BeyoncÃ© ,el lbum es increble,2022-7-29,[],post-release,Neutral
289,beyonce,2022-7-29,BeyoncÃ© ,haciendo historia,2022-7-29,[],post-release,Neutral
290,beyonce,2022-7-29,Beyhive_france ,bon les franais lchez vos meilleurs commentaires l,2022-7-29,[],post-release,Neutral
291,beyonce,2022-7-29,Jordan Olympus ,l elle sait prendre des risques et faire pleins de choses se lasse jamais j,2022-7-29,[],post-release,Neutral
292,beyonce,2022-7-29,Adrian Rivera ,lleg mam,2022-8-17,[],post-release,Neutral
293,beyonce,2022-7-29,CALLISTO ,jai couter cet album tellement de fois aujourdhui et il est meilleure chaque coute chaque dtails queen,2022-7-29,[],post-release,Neutral
294,beyonce,2022-7-29,Raphael Say ,oui,2022-7-29,[],post-release,Neutral
295,beyonce,2022-7-29,Silas ,hh kriege nicht genug,2022-8-10,[],post-release,Neutral
296,beyonce,2022-7-29,Baptiste Devant ,l est tellement bon,2022-7-29,[],post-release,Neutral
297,beyonce,2022-7-29,I'm Leon ,ni ngi bn phng vn ca trc nhn qua ging tui ng ko,2022-8-2,[],post-release,Neutral
298,beyonce,2022-7-29,Dih R ,mommyy,2022-7-29,[],post-release,Neutral
299,beyonce,2022-7-29,Ã‰vo Ã‰vo ,tjr son style avec de la nouveaut en plus tjr en avance sur les tendances la meilleure,2022-7-30,[],post-release,Neutral
300,beyonce,2022-7-29,joaoao ,aoty,2022-8-9,[],post-release,Neutral
301,beyonce,2022-7-29,Swauce ,summerrenaissance,2022-7-29,['#summerrenaissance'],post-release,Neutral
302,beyonce,2022-7-29,Louane ğŸª© ,je laime,2022-10-21,[],post-release,Neutral
303,beyonce,2022-7-29,Layanne Cabral ,vc perfeita entenda,2022-8-9,[],post-release,Neutral
304,beyonce,2022-7-29,MrCampbell ,pst,2-23,[],post-release,Neutral
305,beyonce,2022-7-29,Mr.L.Osmankaj ,unique,2022-9-18,[],post-release,Neutral
306,beyonce,2022-7-29,Esther ,la meilleure,2022-10-1,[],post-release,Neutral
307,beyonce,2022-7-29,elyzzekassa ,je sens tellement libre avec cette chanson,3-2,[],post-release,Neutral
308,beyonce,2022-7-29,Claudinho ,quase meses depois e ainda estamos aqui na espera dos visuais,2022-10-7,[],post-release,Neutral
309,beyonce,2022-7-29,Î›ssen ,wewewe allez couter mon son la famille merci,2022-8-25,[],post-release,Neutral
310,beyonce,2022-7-29,lechebernice ,,3d ago ,[],post-release,Neutral
311,beyonce,2022-7-29,Eliza ,eternal admiration,5d ago ,[],post-release,Positive
312,beyonce,2022-7-29,Nassrollx ,,6-12,[],post-release,Neutral
313,beyonce,2022-7-29,Aliceâœï¸âœï¸âœï¸ ,renaissance du mauvais sens jimagine,6-9,[],post-release,Neutral
314,beyonce,2022-7-29,duda â™ï¸ ,amoo,5-18,[],post-release,Neutral
315,beyonce,2022-7-29,Felipe Alcantara ,,5-13,[],post-release,Neutral
316,beyonce,2022-7-29,pablomunoz119 ,por eso la valorizacin es tan importante porque puedes construir puede destruir tumba algo hace algo nuevo,5-9,[],post-release,Neutral
317,beyonce,2022-7-29,pablomunoz119 ,cuando la mente dice estas cosas es porque la puede hacer puede desvalorar como que puede valorar,5-9,[],post-release,Neutral
318,beyonce,2022-7-29,pablomunoz119 ,yo puedo decir con mi mente vivir contigo aos tambin puedo decir con mi mente hace das que viv contigo hace una hora que te conoc,5-9,[],post-release,Neutral
319,beyonce,2022-7-29,pablomunoz119 ,una mente creativa existe pasado solo existe un presente la mente creativa sabe que pasado solo va lastimar,5-9,[],post-release,Neutral
320,beyonce,2022-7-29,pablomunoz119 ,solo en ese lugar vas encontrar todo lo que necesita tu vida,5-9,[],post-release,Neutral
321,beyonce,2022-7-29,pablomunoz119 ,cuando quieras cambiar las cosas de tu vida tienes que cambiarla en tu mente en ese lugar es donde nico puedes cambiar todas las cosas en ese luga,5-9,[],post-release,Neutral
322,beyonce,2022-7-29,Dani GonÃ§alves ,adoro,5-8,[],post-release,Neutral
323,beyonce,2022-7-29,TALÄ°Å_GUVENLÄ°K ,,5-1,[],post-release,Neutral
324,beyonce,2022-7-29,K.I.L. ,mj bey,4-14,[],post-release,Neutral
325,beyonce,2022-7-29,Bruh Bohrer ,amo,4-14,[],post-release,Neutral
326,beyonce,2022-7-29,sal ,angiskw se parece black dahila,4-4,[],post-release,Neutral
327,beyonce,2022-7-29,Dudaâœ¨ï¸ ,,4-2,[],post-release,Neutral
328,beyonce,2022-7-29,Dudaâœ¨ï¸ ,,4-2,[],post-release,Neutral
329,beyonce,2022-7-29,Missaway83 ,area,3-31,[],post-release,Neutral
330,beyonce,2022-7-29,insaturÃ¡vel ,deua,3-15,[],post-release,Neutral
331,beyonce,2022-7-29,nadinho ,,3-11,[],post-release,Neutral
332,beyonce,2022-7-29,insaturÃ¡vel ,,3-7,[],post-release,Neutral
333,beyonce,2022-7-29,Jaesmin1031 ,,3-3,[],post-release,Neutral
334,beyonce,2022-7-29,â¤ï¸akawaygunâ¤ï¸ ,kesfet,3-3,[],post-release,Neutral
335,beyonce,2022-7-29,Nwabisa 2017 ,wobaleka,2-24,[],post-release,Neutral
336,beyonce,2022-7-29,ğ”»ğ•’ğ•§ğ•šğ••â„™ğ•¦ğ•ğ•¡ğŸ™ğŸ ğŸ ğŸŸ ,,2-8,[],post-release,Neutral
337,beyonce,2022-7-29,Jessica Lima ,woman love god come brazil,2-1,[],post-release,Positive
338,beyonce,2022-7-29,Abitto30 ,,1-27,[],post-release,Neutral
339,beyonce,2022-7-29,KeurğŸ–¤ ,,1-22,[],post-release,Neutral
340,beyonce,2022-7-29,Apple User372724300 ,ehwrh yund ist ein yw mit der firma und der stadt und die sind auch schon mal mit dem bus und ich habe es auch schon mal mit dir zu tun und ich e und,1-22,[],post-release,Negative
341,beyonce,2022-7-29,Guilherme Fontoura ,,1-21,[],post-release,Neutral
342,beyonce,2022-7-29,KaynÃ£ Nascimento ,hj k,1-21,[],post-release,Neutral
343,beyonce,2022-7-29,Sosol â›… ,beyonc voc perfeita,2022-12-19,[],post-release,Neutral
344,beyonce,2022-7-29,ricardomanoel_0 ,,2022-12-19,[],post-release,Neutral
345,beyonce,2022-7-29,kai ,mulher por favor libera,2022-12-18,[],post-release,Positive
346,beyonce,2022-7-29,evandeson ,cad foto perfil mulher vai anunciar nova coleo da ivy park,2022-12-18,[],post-release,Neutral
347,beyonce,2022-7-29,JoÃ£o Henrique ,hoje amor,2022-12-18,[],post-release,Positive
348,beyonce,2022-7-29,madina.huseyn ,,2022-12-17,[],post-release,Neutral
349,beyonce,2022-7-29,Michael Thelles ,,2022-12-9,[],post-release,Neutral
350,beyonce,2022-7-29,Early Ross ,ovahh,2022-12-5,[],post-release,Neutral
351,beyonce,2022-7-29,beylife4u ,b favorite song renaissance pure fell,2022-12-3,[],post-release,Positive
352,beyonce,2022-7-29,yveskra996 ,,2022-11-11,[],post-release,Neutral
353,beyonce,2022-7-29,Jan_fan_of_you ,,2022-11-10,[],post-release,Neutral
354,beyonce,2022-7-29,Mel Damasceno ,look brazil brazil,2022-11-7,[],post-release,Neutral
355,beyonce,2022-7-29,Mel Damasceno ,look brazil brazil,2022-11-7,[],post-release,Neutral
356,beyonce,2022-7-29,damianmorawiec423 ,,2022-11-5,[],post-release,Neutral
357,beyonce,2022-7-29,D jay Lovinson@ ,dia,2022-11-5,[],post-release,Neutral
358,beyonce,2022-7-29,Branca Mputu ,,2022-11-2,[],post-release,Neutral
359,beyonce,2022-7-29,aidapauladeolivei ,,2022-10-23,[],post-release,Neutral
360,beyonce,2022-7-29,Kaka Alves ,,2022-10-11,[],post-release,Neutral
361,beyonce,2022-7-29,Sara Ribeiro ,ansiosa,2022-10-10,[],post-release,Neutral
362,beyonce,2022-7-29,Fernanda Lellis ,perfeita,2022-10-10,[],post-release,Neutral
363,beyonce,2022-7-29,honuaandresss ,,2022-10-9,[],post-release,Neutral
364,beyonce,2022-7-29,Raquelene Melo ,queem,2022-9-30,[],post-release,Neutral
365,beyonce,2022-7-29,Pash Michelle ,holla,2022-9-29,[],post-release,Neutral
366,beyonce,2022-7-29,Marta Santana ,,2022-9-28,[],post-release,Neutral
367,beyonce,2022-7-29,user7710714990979 ,jay,2022-9-28,[],post-release,Neutral
368,beyonce,2022-7-29,Genesis Miranda ,est belleza de mujer es increble,2022-9-27,[],post-release,Neutral
369,beyonce,2022-7-29,Azou ,star oui,2022-9-26,[],post-release,Neutral
370,beyonce,2022-7-29,QueenB ,,2022-9-25,[],post-release,Neutral
371,beyonce,2022-7-29,@iza martins ,top,2022-9-20,[],post-release,Positive
372,beyonce,2022-7-29,Enio ,j commenc couter j pas pu j arrt,2022-9-20,[],post-release,Negative
373,beyonce,2022-7-29,ALICE_GIO_RAF ,muito linda,2022-9-19,[],post-release,Neutral
374,beyonce,2022-7-29,julio ,vale tu tatuaje mvc,2022-9-3,[],post-release,Neutral
375,beyonce,2022-7-29,Nivia Araujo ,amu,2022-8-30,[],post-release,Neutral
376,beyonce,2022-7-29,TeaWhiskeywithSunshine ,yas,2022-8-23,[],post-release,Neutral
377,beyonce,2022-7-29,Altair Borba ,amo,2022-8-22,[],post-release,Neutral
378,beyonce,2022-7-29,â™ ,amo,2022-8-22,[],post-release,Neutral
379,beyonce,2022-7-29,ID Black Kelly1 ,follow back thanks,4-13,[],post-release,Positive
380,beyonce,2022-7-29,Ø¢Ø³Ø± Ø¢Ù„ Ø¹Ø§Ù…Ø± ,please take care account,3-18,[],post-release,Positive
381,beyonce,2022-7-29,ğŸ˜˜ ,know enjoy fame worth soul imagine put christian music could make difference god,1-13,[],post-release,Positive
382,beyonce,2022-7-29,ashlynne. 29 ,literally devil,2022-12-6,[],post-release,Negative
383,beyonce,2022-7-29,princess ,ready babe,2022-10-2,[],post-release,Positive
384,beyonce,2022-7-29,her ğŸ’—ğŸ’— ,queen respond,6-9,[],post-release,Neutral
385,beyonce,2022-7-29,Laniâ¤ï¸â™ï¸ğŸ¤ğŸ¾ğŸ” ,queen b alive singing music since baby,6-9,[],post-release,Positive
386,beyonce,2022-7-29,ğŸ’TERRğŸ©· bills wifeâ¤ï¸ ,queen b,4-27,[],post-release,Neutral
387,beyonce,2022-7-29,Gabby â˜€ï¸ğŸ‰ ,quen,3-14,[],post-release,Neutral
388,beyonce,2022-7-29,ğŸ¦‹Cute_faceğŸ¦‹ ,period,3-3,[],post-release,Neutral
389,beyonce,2022-7-29,âœ¨â¤ï¸DD4LLOVERâ¤ï¸âœ¨ ,love song freedom love sm sing time,2-12,[],post-release,Positive
390,beyonce,2022-7-29,â™¡VOiDâ™¡ ,slay,1-24,[],post-release,Neutral
391,beyonce,2022-7-29,ğ¿ğ‘–ğ‘ ,god hero love,2022-12-22,[],post-release,Positive
392,beyonce,2022-7-29,kkkkkkkkkkkm ,look like last year yeah,2022-12-19,[],post-release,Positive
393,beyonce,2022-7-29,ğŸ’‹saviviğŸ’‹ ,jalaiyabart,2022-12-13,[],post-release,Neutral
394,beyonce,2022-7-29,toughflowers3 ,damn wish baby weight would stayed like bey looks amazing serving jessica rabbit body,2022-10-28,[],post-release,Positive
395,beyonce,2022-7-29,Word to my muva ,renaissance means rebirth,2022-10-10,[],post-release,Neutral
396,beyonce,2022-7-29,your mom lol ,slay queen,2022-10-1,[],post-release,Neutral
397,beyonce,2022-7-29,Kamâ€‚ğŸ«¶ğŸ¾ ,w song,2022-9-20,[],post-release,Neutral
398,beyonce,2022-7-29,ğŸ¤­ ,mom keeps listening damn songs complaining,2022-9-4,[],post-release,Negative
399,beyonce,2022-7-29,ğŸ¤ ,,2d ago ,[],post-release,Neutral
400,beyonce,2022-7-29,Impeachy Lovley Jigg ,,2d ago ,[],post-release,Neutral
401,beyonce,2022-7-29,kscloud1105 ,,3d ago ,[],post-release,Neutral
402,beyonce,2022-7-29,M Z ,quen,5-14,[],post-release,Neutral
403,beyonce,2022-7-29,lasonyadunbar3 ,curt gatson,5-8,[],post-release,Neutral
404,beyonce,2022-7-29,pussiwyllows ,mother,3-29,[],post-release,Neutral
405,beyonce,2022-7-29,user8008219047529 ,,3-28,[],post-release,Neutral
406,beyonce,2022-7-29,Gs ,,2-18,[],post-release,Neutral
407,beyonce,2022-7-29,shamikarenea_s ,,2-4,[],post-release,Neutral
408,beyonce,2022-7-29,SleepingAngelğŸ¦‹ ,,1-23,[],post-release,Neutral
409,beyonce,2022-7-29,Meko ,,1-19,[],post-release,Neutral
410,beyonce,2022-7-29,Norma Ambus ,,2022-12-29,[],post-release,Neutral
411,beyonce,2022-7-29,raplelbizt2 ,,2022-12-27,[],post-release,Neutral
412,beyonce,2022-7-29,Beyonce reco brown ,,2022-12-27,[],post-release,Neutral
413,beyonce,2022-7-29,Govvana Bernal ,haileybieber,2022-12-18,[],post-release,Neutral
414,beyonce,2022-7-29,jnettamarie3 ,,2022-12-12,[],post-release,Neutral
415,beyonce,2022-7-29,Quoiaa_aaa ,,2022-11-17,[],post-release,Neutral
416,beyonce,2022-7-29,user7196751305496 ,,2022-11-11,[],post-release,Neutral
417,beyonce,2022-7-29,chocolate dream ,,2022-11-1,[],post-release,Neutral
418,beyonce,2022-7-29,Yolanda ,,2022-10-16,[],post-release,Neutral
419,beyonce,2022-7-29,MegğŸ¤ ,,2022-10-10,[],post-release,Neutral
420,beyonce,2022-7-29,user4461367328523 ,,2022-10-9,[],post-release,Neutral
421,beyonce,2022-7-29,ğ“¶ğ“®ğ’ ğŸŒ¹ ,,2022-10-7,[],post-release,Neutral
422,beyonce,2022-7-29,Omiri Thomas ,,2022-10-2,[],post-release,Neutral
423,beyonce,2022-7-29,Luis Mojica Gonzalez ,,2022-9-30,[],post-release,Neutral
424,beyonce,2022-7-29,Billie Eilish ,,2022-9-30,[],post-release,Neutral
425,beyonce,2022-7-29,SoobHours ,boyz,2022-9-30,[],post-release,Neutral
426,beyonce,2022-7-29,Tiffany ,,2022-9-27,[],post-release,Neutral
427,beyonce,2022-7-29,QueenPrecious Barnes ,,2022-9-25,[],post-release,Neutral
428,beyonce,2022-7-29,Tiffany ,,2022-9-23,[],post-release,Neutral
429,beyonce,2022-7-29,AHBENA â™¥ï¸ğŸ”¥ ,,2022-9-11,[],post-release,Neutral
430,beyonce,2022-7-29,drbosss_ ,,2022-9-8,[],post-release,Neutral
431,beyonce,2022-7-29,best frand ,,2022-9-6,[],post-release,Neutral
432,beyonce,2022-7-29,user4081781855572 ,,2022-9-5,[],post-release,Neutral
433,beyonce,2022-7-29,precious ,,2022-9-5,[],post-release,Neutral
434,beyonce,2022-7-29,Evie ,heloo,3-19,[],post-release,Neutral
435,beyonce,2022-7-29,ğŸ¥°ğŸ¥°ğŸ¥°ğŸ’ƒğŸ¤©â˜ºï¸â˜ºï¸ ,,2022-11-12,[],post-release,Neutral
436,beyonce,2022-7-29,bren ,getgooder,2022-10-10,[],post-release,Neutral
437,beyonce,2022-7-29,Macarena Haddad GuzmÃ¡n ,plis mama,2022-10-7,[],post-release,Neutral
438,beyonce,2022-7-29,MilleryFlore ,,2022-9-18,[],post-release,Neutral
439,beyonce,2022-7-29,Mr.L.Osmankaj ,,2022-9-18,[],post-release,Neutral
440,beyonce,2022-7-29,Zio PilÃ¹ magic ,,2022-9-15,[],post-release,Neutral
441,beyonce,2022-7-29,benz ,album across board,2022-7-29,[],post-release,Neutral
442,beyonce,2022-7-29,mitskis losing dogs ,beyonce funny,4-5,[],post-release,Positive
443,beyonce,2022-7-29,roncovington110 ,lmao lmao lmao,2-14,[],post-release,Positive
444,beyonce,2022-7-29,albertoutspoken ,ok,2-7,[],post-release,Positive
445,beyonce,2022-7-29,QueenofParis ,omg,1-10,[],post-release,Neutral
446,beyonce,2022-7-29,@breakingthesilence0002 ,punk rock best music suggest listen ramones green day best punk bands listen,1-4,[],post-release,Positive
447,beyonce,2022-7-29,Bledi ,nice,2022-12-29,[],post-release,Positive
448,beyonce,2022-7-29,Oboy ,follow dear,2022-11-5,[],post-release,Positive
449,beyonce,2022-7-29,clarkyrivera ,,2022-10-27,[],post-release,Neutral
450,beyonce,2022-7-29,Toktok ,,2022-10-6,[],post-release,Neutral
451,beyonce,2022-7-29,Toktok ,queen bey,2022-10-5,[],post-release,Neutral
452,beyonce,2022-7-29,Idosay_World ,follow,2022-9-24,[],post-release,Neutral
453,beyonce,2022-7-29,mia ,parishilton,1-6,[],post-release,Neutral
454,beyonce,2022-7-29,Tray ,sat,2022-7-29,[],post-release,Neutral
455,beyonce,2022-7-29,Rozy ,omg,2022-7-29,[],post-release,Neutral
456,beyonce,2022-7-29,Cash App ,called sick friday,2022-7-30,[],post-release,Negative
457,beyonce,2022-7-29,Sammy ,fact cannot go tour makes want die,6-1,[],post-release,Negative
458,beyonce,2022-7-29,ğŸŒŸğŸŒŸ. ,gg,5-30,[],post-release,Positive
459,beyonce,2022-7-29,Elise Dâ€™Orazio ,,5-25,[],post-release,Neutral
460,beyonce,2022-7-29,zoutyy_live_style ,,4-19,[],post-release,Neutral
461,beyonce,2022-7-29,jdmidas ,hey like reading would love imitation art eve moss,4-17,[],post-release,Positive
462,beyonce,2022-7-29,Greatbillionaire ,hi,4-15,[],post-release,Neutral
463,beyonce,2022-7-29,Esther Toppin ,,3-26,[],post-release,Neutral
464,beyonce,2022-7-29,danielle ğŸ«¶ğŸ¾ ,bring back,3-11,[],post-release,Neutral
465,beyonce,2022-7-29,ğ”«ğ” â™° ,madam visuals,2-18,[],post-release,Neutral
466,beyonce,2022-7-29,Luke ,,2-15,[],post-release,Neutral
467,beyonce,2022-7-29,Nathaniel Kempe ,alright visuals mother,2-12,[],post-release,Positive
468,beyonce,2022-7-29,Eunice PB2022 ,,2-7,[],post-release,Neutral
469,beyonce,2022-7-29,love_daisym ,mary jane nikitha ah,2-6,[],post-release,Neutral
470,beyonce,2022-7-29,flop ,babe still waiting visuals,1-25,[],post-release,Neutral
471,beyonce,2022-7-29,charleneford418 ,,2022-10-4,[],post-release,Neutral
472,beyonce,2022-7-29,Pamela Wade ,,2022-10-2,[],post-release,Neutral
473,beyonce,2022-7-29,eddiehancock681 ,connector,2022-9-28,[],post-release,Neutral
474,beyonce,2022-7-29,EvJenadeMoodleyNaicker ,,2022-9-18,[],post-release,Neutral
475,beyonce,2022-7-29,OFF  LINEğŸ¥ºğŸ’” ,plz promotes,2022-9-12,[],post-release,Positive
476,beyonce,2022-7-29,ğŸ­ğŸ¬ï¿¼â€‚actressâ€‚HarrisğŸ­ğŸ¬ğŸ¥ ,yes,2022-9-4,[],post-release,Positive
477,beyonce,2022-7-29,Ana Ayuso ,,2022-9-3,[],post-release,Neutral
478,beyonce,2022-7-29,Beyerih ,mulher q album incrvel,2022-7-29,[],post-release,Neutral
479,beyonce,2022-7-29,DÃªdÃ©-shakurâ¤ï¸ğŸ’¯ ,fl bk,5d ago ,[],post-release,Neutral
480,beyonce,2022-7-29,Luana bosco ,url,5-19,[],post-release,Neutral
481,beyonce,2022-7-29,pablomunoz119 ,que pasado solamente existe cuando ella lo crea todo puede ser un sueo como todas las cosas,5-9,[],post-release,Neutral
482,beyonce,2022-7-29,taiane9181 ,,2-9,[],post-release,Neutral
483,beyonce,2022-7-29,Apple User372724300 ,ehwrh ees und ich haben die kinder und die sind auch noch nicht viel spa gemacht und ich habe es auch noch mal auf den kopf gemacht ich hab mich,1-22,[],post-release,Negative
484,jonasbrothers,5-12,Renee ,album repeat like,5-12,[],post-release,Positive
485,jonasbrothers,5-12,Monse Mayorga ,um definitely expected done inside actual waffle house,5-12,[],post-release,Positive
486,jonasbrothers,5-12,Emem ,beautiful,5-12,[],post-release,Positive
487,jonasbrothers,5-12,Radia ,album good chose fav song impossible,5-12,[],post-release,Positive
488,jonasbrothers,5-12,Spotify ,currently repeat,5-12,[],post-release,Neutral
489,jonasbrothers,5-12,Zana Hamze ,days till guys live ah,5-18,[],post-release,Neutral
490,jonasbrothers,5-12,Paola Ivellisse ,definitely album summer,5-12,[],post-release,Positive
491,jonasbrothers,5-12,Jasmine Cassel ,waffle house earlier week immediately thought song,5-12,[],post-release,Neutral
492,jonasbrothers,5-12,Emma ,jonas brothers waiting listened bangers cannot wait see nashville,5-12,[],post-release,Neutral
493,jonasbrothers,5-12,Melissa ,stayed listen love every single song,5-12,[],post-release,Positive
494,jonasbrothers,5-12,Amy ,realise possible fall love guys,5-12,[],post-release,Positive
495,jonasbrothers,5-12,Lynzb83 ,official happy song feel sad alexa play waffle house,5-12,[],post-release,Positive
496,jonasbrothers,5-12,Cay Leigh795 ,better thank jon bellion,5-13,[],post-release,Positive
497,jonasbrothers,5-12,Fal Your Pal ,wait hear little bird live,5-12,[],post-release,Neutral
498,jonasbrothers,5-12,Kara VanNatter ,much talent fun,5-12,[],post-release,Positive
499,jonasbrothers,5-12,Crystal Princess Jos ,nicest waffle house ever,5-16,[],post-release,Positive
500,jonasbrothers,5-12,ilove1dand5sos ,stayed till last night drop listened repeat night,5-12,[],post-release,Negative
501,jonasbrothers,5-12,Becca ,alexa repeat,5-12,[],post-release,Neutral
502,jonasbrothers,5-12,charlieâ€‚ğŸ«¢ ,men,5-12,[],post-release,Neutral
503,jonasbrothers,5-12,AutumnğŸ˜¶ ,love,5-12,[],post-release,Positive
504,jonasbrothers,5-12,Amanda ,perfection album apologize everyone life person become album,5-12,[],post-release,Positive
505,jonasbrothers,5-12,destiny ,help already repeat hours,5-12,[],post-release,Positive
506,jonasbrothers,5-12,jobrovids ,thank releasing songs summer,5-12,[],post-release,Positive
507,jonasbrothers,5-12,hailey ,skips album,5-12,[],post-release,Neutral
508,jonasbrothers,5-12,Kaitlynn Taylor ,montana sky favorite,5-17,[],post-release,Positive
509,jonasbrothers,5-12,Regina Terry ,ready see second time,5-12,[],post-release,Positive
510,jonasbrothers,5-12,msteachersbelike ,gives kenny loggins j giles band vibes,5-12,[],post-release,Neutral
511,jonasbrothers,5-12,robandhaley ,tell much album means guys,5-12,[],post-release,Neutral
512,jonasbrothers,5-12,ğŸ¥€Alissa ,early cuz screaming crying album love going new jersey show less two weeks first evrr concert,5-12,[],post-release,Negative
513,jonasbrothers,5-12,Jessica ,congrats jonas brothers album next tour,5-12,[],post-release,Positive
514,jonasbrothers,5-12,kkalbarran ,omg love,5-17,[],post-release,Positive
515,jonasbrothers,5-12,Jessie ,sweating great jonas brothers,10h ago ,[],post-release,Positive
516,jonasbrothers,5-12,GRISELDA ğŸ’š ,september ready live jonas brothers,1d ago ,[],post-release,Positive
517,jonasbrothers,5-12,Tara Elizabeth ,,1d ago ,[],post-release,Neutral
518,jonasbrothers,5-12,Subhash Modasra ,jon bellion,6d ago ,[],post-release,Neutral
519,jonasbrothers,5-12,Apple User747575 ,gents older fan probably best track bring people together time world weird place smiles round x,6-12,[],post-release,Positive
520,jonasbrothers,5-12,harjindercoutts50 ,love love love song band,6-9,[],post-release,Positive
521,jonasbrothers,5-12,Lou153N ,favourite song played radio stations atm,6-8,[],post-release,Positive
522,jonasbrothers,5-12,Aaren ,official video somewhere,6-7,[],post-release,Neutral
523,jonasbrothers,5-12,Wyoming Trash Bag ,good things guys old souls,6-6,[],post-release,Positive
524,jonasbrothers,5-12,Roses ,leah mars album repeat like,6-5,[],post-release,Positive
525,jonasbrothers,5-12,Olivia Rodrigo ,renerose um definitely expected done inside actual waffle house,6-4,[],post-release,Positive
526,jonasbrothers,5-12,Santana ,spotify album repeat like,6-4,[],post-release,Positive
527,jonasbrothers,5-12,carlyscott1368 ,hi joe jonas miss carly,6-3,[],post-release,Negative
528,jonasbrothers,5-12,ransu ,definitely got jbellion vibes dis,5-31,[],post-release,Positive
529,jonasbrothers,5-12,SUGGIETIME ,love waffle house rhythm beat everything also like lyircs catchy,5-31,[],post-release,Positive
530,jonasbrothers,5-12,ramonatsirju ,people love,5-30,[],post-release,Positive
531,jonasbrothers,5-12,Lily Arevalo ğŸŒ¸ğŸŒµ ,waiting nicks verse,5-30,[],post-release,Neutral
532,jonasbrothers,5-12,ambenriza ,,5-30,[],post-release,Neutral
533,jonasbrothers,5-12,Ming ,hi please gento challenge next hope try thankyou beautiful human,5-29,[],post-release,Positive
534,jonasbrothers,5-12,Riza Cayetano ,feels like still playing candy crush,5-29,[],post-release,Positive
535,jonasbrothers,5-12,xiaozhen070189 ,,5-28,[],post-release,Neutral
536,jonasbrothers,5-12,Vannessa Huminis Lawan ,,5-28,[],post-release,Neutral
537,jonasbrothers,5-12,teddygautier ,listened whole album top bottom least times good,5-28,[],post-release,Positive
538,jonasbrothers,5-12,ANER ,yeah,5-27,[],post-release,Positive
539,jonasbrothers,5-12,justine jo ,candy crush saga,5-26,[],post-release,Negative
540,jonasbrothers,5-12,Julebe Suan Tayone ,one favorite band favorite song love bug,5-26,[],post-release,Positive
541,jonasbrothers,5-12,rosa ğŸª ,joe,5-24,[],post-release,Neutral
542,jonasbrothers,5-12,Donna .h. ,absolutely love songs amazing,5-24,[],post-release,Positive
543,jonasbrothers,5-12,Brianna ğŸ’ ,must see live song,5-21,[],post-release,Neutral
544,jonasbrothers,5-12,azoleklaas ,whoever composed song outstanding job love love love,5-21,[],post-release,Positive
545,jonasbrothers,5-12,Amber Lynn ,elyse cannot wait,5-21,[],post-release,Neutral
546,jonasbrothers,5-12,dani ,like song reason laura,5-21,[],post-release,Positive
547,jonasbrothers,5-12,Kaytlin Vela ,true seats behind stage surprisingly god seats,5-21,[],post-release,Positive
548,jonasbrothers,5-12,Gangee ,love song,5-21,[],post-release,Positive
549,jonasbrothers,5-12,Sarah Priszner ,joe uncle jesse era,5-21,[],post-release,Neutral
550,jonasbrothers,5-12,Rad S ,joes beyonc jonas brothers,5-20,[],post-release,Neutral
551,jonasbrothers,5-12,traderjoes_taki ,let kevin sing,5-20,[],post-release,Neutral
552,jonasbrothers,5-12,FlashFreak92 ,one favorite albums time bought vinyl,5-20,[],post-release,Positive
553,jonasbrothers,5-12,8garbanzo.beans ,hello brothers jonas variety,5-20,[],post-release,Neutral
554,jonasbrothers,5-12,Ms_samantha20 ,video amazing,5-19,[],post-release,Positive
555,jonasbrothers,5-12,Motivation_Mama ,heard first time yesterday spanish radio car needless say kids turned volume quite bit love,5-19,[],post-release,Positive
556,jonasbrothers,5-12,Pereseti Kitiona ,,5-19,[],post-release,Neutral
557,jonasbrothers,5-12,Patrick Stefanits ,vibe,5-18,[],post-release,Neutral
558,jonasbrothers,5-12,Sophia B ,love love love,5-18,[],post-release,Positive
559,jonasbrothers,5-12,Myrah ,cannot stop playing,5-17,[],post-release,Positive
560,jonasbrothers,5-12,Lily ğŸ™ˆ ,peyton marie listening,5-17,[],post-release,Neutral
561,jonasbrothers,5-12,T ,sounds like hall oats love,5-16,[],post-release,Positive
562,jonasbrothers,5-12,the d ,nick jonas still want know,5-16,[],post-release,Positive
563,jonasbrothers,5-12,the d ,jonas brothers please reply back,5-16,[],post-release,Positive
564,jonasbrothers,5-12,llun ,kind grew never actually listened song consider one greatest pop songs last years,5-16,[],post-release,Positive
565,jonasbrothers,5-12,theeseth ,hit,5-16,[],post-release,Neutral
566,jonasbrothers,5-12,d ,amount times listened scary,5-15,[],post-release,Negative
567,jonasbrothers,5-12,Joanna ,literally never disappointed since years old,5-15,[],post-release,Positive
568,jonasbrothers,5-12,ItsAnika ,like song,5-15,[],post-release,Positive
569,jonasbrothers,5-12,TheWaxCode LLC | Crystal ,need video youtube pleasse,5-15,[],post-release,Neutral
570,jonasbrothers,5-12,dzintars ,,5-15,[],post-release,Neutral
571,jonasbrothers,5-12,Mierra Morrisette ,excited go concert,5-15,[],post-release,Positive
572,jonasbrothers,5-12,Katy ğŸ¥€ ,perfect men,5-15,[],post-release,Positive
573,jonasbrothers,5-12,TootsiePopğŸŒˆ ,oh hell yes album never knew freaking needed,5-15,[],post-release,Negative
574,jonasbrothers,5-12,Leah ,jme love,5-15,[],post-release,Positive
575,jonasbrothers,5-12,kelsey ,love sm,5-15,[],post-release,Positive
576,jonasbrothers,5-12,_itssbevy ,cannot wait see la,5-15,[],post-release,Neutral
577,jonasbrothers,5-12,Swiftie1968 ,good,5-14,[],post-release,Positive
578,jonasbrothers,5-12,tanika ,please come australia,5-14,[],post-release,Positive
579,jonasbrothers,5-12,Tiffany Skylar Simmons ,music video shot waffle house,5-14,[],post-release,Neutral
580,jonasbrothers,5-12,Angela Nicasio Aragon ,always nick jonas joejonas fan damn get older kevin jonas becoming favorite,5-14,[],post-release,Positive
581,jonasbrothers,5-12,Tiffany ,proud,5-14,[],post-release,Positive
582,jonasbrothers,5-12,Samantha. ,shows uk please,5-14,[],post-release,Positive
583,jonasbrothers,5-12,Bryan ,would call jonas brothers fan definitely listened song times row day great vibe,5-14,[],post-release,Positive
584,jonasbrothers,5-12,Hayleyx3jb ,always knew talk sh,5-14,[],post-release,Neutral
585,jonasbrothers,5-12,Sam_Miller ,cannot believe get see twice,5-14,[],post-release,Neutral
586,jonasbrothers,5-12,Malessa ğŸ¤©â¤ ,song vibes,5-13,[],post-release,Neutral
587,jonasbrothers,5-12,AlexHayneslonelydisability ,album,5-13,[],post-release,Neutral
588,jonasbrothers,5-12,DesirÃ©e ğŸª©ğŸŒ¸ğŸ’ğŸ«¶ğŸ»âœ¨ ,debut little bit longer lines vines trying times happiness begins repeat,5-13,[],post-release,Positive
589,jonasbrothers,5-12,user6886850959349 ,montana sky repeat day long,5-13,[],post-release,Neutral
590,jonasbrothers,5-12,Christianne Jones329 ,thank much,5-13,[],post-release,Positive
591,jonasbrothers,5-12,Emily Mack ,nick girl since damn joes vocals matured like fine wine,5-13,[],post-release,Positive
592,jonasbrothers,5-12,victopkwgsy ,love emi,5-13,[],post-release,Positive
593,jonasbrothers,5-12,Yess Carrillo ,thanks new album,5-13,[],post-release,Positive
594,jonasbrothers,5-12,Mishel ,omg love,5-13,[],post-release,Positive
595,jonasbrothers,5-12,Stephanie Dyer ,song favorite tell much whole album means,5-13,[],post-release,Positive
596,jonasbrothers,5-12,Jaz ,vacation eyes masterpiece,5-13,[],post-release,Positive
597,jonasbrothers,5-12,morgan ,wow love nice awesome go joes bros workin,5-13,[],post-release,Positive
598,jonasbrothers,5-12,Roni 10 ,hey jon bellions voice,5-13,[],post-release,Neutral
599,jonasbrothers,5-12,Martina Ojeda Belmar ,love new album come chile,5-13,[],post-release,Positive
600,jonasbrothers,5-12,dsavageaverage ,love jonas brothers,5-13,[],post-release,Positive
601,jonasbrothers,5-12,faithmarie208 ,guys helped thought failed nursing school yet tickets care help girl,5-13,[],post-release,Positive
602,jonasbrothers,5-12,Maddy Rubler ,yes,5-13,[],post-release,Positive
603,jonasbrothers,5-12,Bri Rod ,like,5-13,[],post-release,Positive
604,jonasbrothers,5-12,Sydney Paige Young ,kidding course love jo bros,5-13,[],post-release,Positive
605,jonasbrothers,5-12,Stephanie ,absolutely love see soon,5-13,[],post-release,Positive
606,jonasbrothers,5-12,KrazyKoala ,album amazing,5-13,[],post-release,Positive
607,jonasbrothers,5-12,Brittany Crimi ,album amazing jonas brothers,5-13,[],post-release,Positive
608,jonasbrothers,5-12,Zachary Sutton-Zickafoose ,ready october,5-13,[],post-release,Positive
609,jonasbrothers,5-12,Lexi ğŸŒ» ,absolutely amazing birthday gift thanks boys see august,5-13,[],post-release,Positive
610,jonasbrothers,5-12,dahgr8s ,love guys much,5-13,[],post-release,Positive
611,jonasbrothers,5-12,Madison Ponder ,fully obsessed every song,5-12,[],post-release,Negative
612,jonasbrothers,5-12,crissttahhh ,joe,5-12,[],post-release,Neutral
613,jonasbrothers,5-12,Bea ,master class music marketing able avoid last week,5-12,[],post-release,Negative
614,jonasbrothers,5-12,Ifunanyaife  ,yuh,5-12,[],post-release,Neutral
615,jonasbrothers,5-12,Diyahna Campbell | UGC ,album,5-12,[],post-release,Neutral
616,jonasbrothers,5-12,kelseycool ,ending album walls move cried like baby,5-12,[],post-release,Neutral
617,jonasbrothers,5-12,Olivia ,mila doherty yes,5-12,[],post-release,Positive
618,jonasbrothers,5-12,Nostalgic PeanutButt ,really feel bellion whole album song especially jonas brothers killed well done yall,5-12,[],post-release,Negative
619,jonasbrothers,5-12,Mrs.Trip ,cannot wait see august,5-12,[],post-release,Neutral
620,jonasbrothers,5-12,itsjustme_mim ,waffle house like hell yes finally,5-12,[],post-release,Negative
621,jonasbrothers,5-12,Crystal ,joejonas voice gotten perfect grittiness,5-12,[],post-release,Positive
622,jonasbrothers,5-12,Lyndsey M Bannister ,love song,5-12,[],post-release,Positive
623,jonasbrothers,5-12,Stheven RincÃ³n ,please come colombia,5-12,[],post-release,Positive
624,jonasbrothers,5-12,Samantha Diedrich ,best album yet,5-12,[],post-release,Positive
625,jonasbrothers,5-12,Vic ,album certified bop bad song genuine got repeat,5-12,[],post-release,Negative
626,jonasbrothers,5-12,Victoria ,definitely good tunes,5-12,[],post-release,Positive
627,jonasbrothers,5-12,ash ,please come uk tour,5-12,[],post-release,Positive
628,jonasbrothers,5-12,CrashtestBeck ,love,5-12,[],post-release,Positive
629,jonasbrothers,5-12,JaMaria Rose-Hendrixson ,amazing love funk vibe definitely repeat,5-12,[],post-release,Positive
630,jonasbrothers,5-12,user2459150735288 ,love let us start tiktok dance trend guys summer vibes,5-12,[],post-release,Positive
631,jonasbrothers,5-12,Louby Lou ,bop,5-12,[],post-release,Neutral
632,jonasbrothers,5-12,Phrank ,get explicit version,5-12,[],post-release,Neutral
633,jonasbrothers,5-12,Amanda ,album awesome great vibes listened work night last night,5-12,[],post-release,Positive
634,jonasbrothers,5-12,Vic ,apriciet done,5-12,[],post-release,Neutral
635,jonasbrothers,5-12,Vic ,super,5-12,[],post-release,Positive
636,jonasbrothers,5-12,priscillağŸª© ,jon bellion better get recognition deserves,5-12,[],post-release,Positive
637,jonasbrothers,5-12,harry is Louis's baby ,nick cute,5-12,[],post-release,Positive
638,jonasbrothers,5-12,Tiffanyâ€‚Shantelâ€‚Molloy ,congrats album absolute fire cannot wait tour,5-12,[],post-release,Positive
639,jonasbrothers,5-12,Josh loves me not u ğŸ«¶ğŸ˜˜ ,thought joejonas making mirror first,5-12,[],post-release,Neutral
640,jonasbrothers,5-12,â˜½ Melissa â˜¾ ,please one montana sky,5-12,[],post-release,Positive
641,jonasbrothers,5-12,Vicky Sherbet ,love song,5-12,[],post-release,Positive
642,jonasbrothers,5-12,SplashDog ,need watch justin rides yt review song even dances nice see red carpet,5-12,[],post-release,Positive
643,jonasbrothers,5-12,Jessica C. ,celebs truly believe guys would fun amazing album see august detroit excited,5-12,[],post-release,Positive
644,jonasbrothers,5-12,Bee ,get attractive,5-12,[],post-release,Positive
645,jonasbrothers,5-12,Daniel ,one heard selena f r e,5-12,[],post-release,Neutral
646,jonasbrothers,5-12,Heather Welling ,repeat day guys local stores stock yet,5-12,[],post-release,Neutral
647,jonasbrothers,5-12,ğŸŒbethğŸ’š ,album absolute masterpiece,5-12,[],post-release,Positive
648,jonasbrothers,5-12,Katie Love Smith ,much better promo waffle house thought different song hooked,5-12,[],post-release,Positive
649,jonasbrothers,5-12,Andrea ,top,5-12,[],post-release,Positive
650,jonasbrothers,5-12,camâ€‚(littleâ€‚mixâ€™â€‚version)â€‚ğŸ¤ ,fancy joe,5-12,[],post-release,Neutral
651,jonasbrothers,5-12,TheJoshBarboza ,one people bought autograph cd,5-12,[],post-release,Neutral
652,jonasbrothers,5-12,Perc ,actually love little much,5-12,[],post-release,Positive
653,jonasbrothers,5-12,Beautiful Beast ,love,5-12,[],post-release,Positive
654,jonasbrothers,5-12,Tone ,album perfect impossible use one favorite,5-12,[],post-release,Positive
655,jonasbrothers,5-12,sof ,daddys,5-12,[],post-release,Neutral
656,jonasbrothers,5-12,Isabela Moura ,proud,5-12,[],post-release,Positive
657,jonasbrothers,5-12,Vikki ,job bellion core clear,5-12,[],post-release,Positive
658,jonasbrothers,5-12,ganasaludyvida ,love,5-12,[],post-release,Positive
659,jonasbrothers,5-12,JoyfulGirl ,stayed late year old listen new album dropped love,5-12,[],post-release,Positive
660,jonasbrothers,5-12,saphia ,poor kevin,5-12,[],post-release,Negative
661,jonasbrothers,5-12,coco ,please come belfast,5-12,[],post-release,Positive
662,jonasbrothers,5-12,Balletdancer06 ,love songs guys amazing jonas brothers joejonas nick jonas kevin jonas,5-12,[],post-release,Positive
663,jonasbrothers,5-12,Miss Marple ğŸ’šâ¤ğŸ˜œ ,fantastic song keep,5-12,[],post-release,Positive
664,jonasbrothers,5-12,ğŸ¤« ,cool,5-12,[],post-release,Positive
665,jonasbrothers,5-12,ğŸ¤CJğŸ¤ ,congrats new album jonas jonas brothers kevin jonas nick jonas joejonas,5-12,[],post-release,Positive
666,jonasbrothers,5-12,Sara cornell ,thanks making great album,5-12,[],post-release,Positive
667,jonasbrothers,5-12,stef ,hannah wood bop,5-12,[],post-release,Neutral
668,jonasbrothers,5-12,Chelsea Dalgliesh ,zoe kevins time,5-12,[],post-release,Neutral
669,jonasbrothers,5-12,Meli (Taylor's Version) âœ¨ ,song new mood,5-12,[],post-release,Neutral
670,jonasbrothers,5-12,Lauren Leigh ,love song much looking forward seeing guys play live toronto,5-12,[],post-release,Positive
671,jonasbrothers,5-12,Serena ray ,vacation eyes got hooked,5-12,[],post-release,Neutral
672,jonasbrothers,5-12,GenGirl09 ,great album,5-12,[],post-release,Positive
673,jonasbrothers,5-12,Reannone Harper-Leig ,song constantly repeat head,5-12,[],post-release,Neutral
674,jonasbrothers,5-12,dianna ,yes,5-12,[],post-release,Positive
675,jonasbrothers,5-12,Doc Wright Lamb ,funny,5-12,[],post-release,Positive
676,jonasbrothers,5-12,Mendesfan223 love ğŸŒ¸ğŸ˜½ ,,5-12,[],post-release,Neutral
677,jonasbrothers,5-12,Ferry ,please continue exude excellent charm,5-12,[],post-release,Positive
678,jonasbrothers,5-12,Brittney Arnold ,going album repeat,5-12,[],post-release,Neutral
679,jonasbrothers,5-12,DoubleEndedFist ,republicans,5-12,[],post-release,Neutral
680,jonasbrothers,5-12,serafina199100 ,love guys happy album release day,5-12,[],post-release,Positive
681,jonasbrothers,5-12,Cubieange ,love summer baby walls omg,5-12,[],post-release,Positive
682,jonasbrothers,5-12,biancatolken ,,5-12,[],post-release,Neutral
683,jonasbrothers,5-12,AN ,loving album,5-12,[],post-release,Positive
684,jonasbrothers,5-12,Rebeka Herr ,album,5-12,[],post-release,Neutral
685,jonasbrothers,5-12,Michael Joseph Palazzola ,waiting album boys nick jonas joejonas kevin jonas jonas brothers,5-12,[],post-release,Neutral
686,jonasbrothers,5-12,sierraxshepherd ,obsesseed,5-12,[],post-release,Neutral
687,jonasbrothers,5-12,Sarah Harriet ,,5-12,[],post-release,Neutral
688,jonasbrothers,5-12,Sonia D ,excitement little girl comes car infectious,5-12,[],post-release,Positive
689,jonasbrothers,5-12,Syd ,waiting tiktok jon bellion,5-12,[],post-release,Neutral
690,jonasbrothers,5-12,Nia ,golden vocals,5-12,[],post-release,Neutral
691,jonasbrothers,5-12,Mrs. V ğŸğŸ‘©ğŸ¼â€ğŸ« ,sarah new album,5-12,[],post-release,Neutral
692,jonasbrothers,5-12,Leebhaby ,,5-12,[],post-release,Neutral
693,jonasbrothers,5-12,Jess Coviello ,want go waffle house,5-12,[],post-release,Positive
694,jonasbrothers,5-12,sara ,love little bird love album,5-12,[],post-release,Positive
695,jonasbrothers,5-12,Morgan ,love album sounds amazing congrats guys proud keep good work,5-12,[],post-release,Positive
696,jonasbrothers,5-12,Destinymichelevinson ,see august,5-12,[],post-release,Neutral
697,jonasbrothers,5-12,oliviaalyles ,see guys lexington,5-12,[],post-release,Neutral
698,jonasbrothers,5-12,Graceâ€‚(taylorâ€™sâ€‚version)â€‚ğŸ¤ ,murren stopped listening,5-12,[],post-release,Negative
699,jonasbrothers,5-12,Natalie Neely ,truly best album ever skips,5-12,[],post-release,Positive
700,jonasbrothers,5-12,NotSoFunnyComedian ,vibe,5-12,[],post-release,Neutral
701,jonasbrothers,5-12,PineappleQueen Gaming ,love song,5-12,[],post-release,Positive
702,jonasbrothers,5-12,atowey89 ,wait buy album later tik tok live fun,5-12,[],post-release,Positive
703,jonasbrothers,5-12,Jenna Leigh-Raine ,copy hall oats,5-12,[],post-release,Neutral
704,jonasbrothers,5-12,Taylor Breige Young ,love kevin chilling putting arm around show something since really singing much,5-12,[],post-release,Positive
705,jonasbrothers,5-12,Sam Louise Dawson ,,5-12,[],post-release,Neutral
706,jonasbrothers,5-12,Fernanda GarcÃ­a ,yes,5-12,[],post-release,Positive
707,jonasbrothers,5-12,ModernPurnile ,best song ever,5-12,[],post-release,Positive
708,jonasbrothers,5-12,lisalisalisa ,thanks releasing birthday,5-12,[],post-release,Positive
709,jonasbrothers,5-12,xinyi â™¡ ,new fav album non stop,5-12,[],post-release,Positive
710,jonasbrothers,5-12,perrypresents ,loving album much,5-12,[],post-release,Positive
711,jonasbrothers,5-12,Sanaa xx ,,5-12,[],post-release,Neutral
712,jonasbrothers,5-12,Michaela Lewis ,boys,5-12,[],post-release,Neutral
713,jonasbrothers,5-12,cee tee ,ate,5-12,[],post-release,Neutral
714,jonasbrothers,5-12,iman ,obsessed congratulations,5-12,[],post-release,Positive
715,jonasbrothers,5-12,Meg ,kevin ever get sing,5-12,[],post-release,Neutral
716,jonasbrothers,5-12,ladym24l ,love album fire jonas brothers,5-12,[],post-release,Positive
717,jonasbrothers,5-12,Ya Bish ,incredible cannot wait see live,5-12,[],post-release,Neutral
718,jonasbrothers,5-12,gemma ,australia,5-12,[],post-release,Neutral
719,jonasbrothers,5-12,bere mtz ,favorite brothers,5-12,[],post-release,Positive
720,jonasbrothers,5-12,Marie Reitan ,amazing album,5-12,[],post-release,Positive
721,jonasbrothers,5-12,HoneybeeandBrie ,get song head excited see la,5-12,[],post-release,Positive
722,jonasbrothers,5-12,Anna Schnell ,love please come south africa,5-12,[],post-release,Positive
723,jonasbrothers,5-12,Mayra ,loved,5-12,[],post-release,Positive
724,jonasbrothers,5-12,Amber Brown McElroy ,super stoked got tickets sac sept,5-12,[],post-release,Positive
725,jonasbrothers,5-12,Jojo.Bilene ,omg song candy crush saga,5-12,[],post-release,Negative
726,jonasbrothers,5-12,Kayla Hope ,montana sky gives goosebumps,5-12,[],post-release,Neutral
727,jonasbrothers,5-12,Rosie Smith ,please come australia,5-12,[],post-release,Positive
728,jonasbrothers,5-12,Giaa Fuentes ,blessed continue new journey proud guys music everything life feel concept every song,5-12,[],post-release,Positive
729,jonasbrothers,5-12,Erika ,joe always brings energy,5-12,[],post-release,Positive
730,jonasbrothers,5-12,222 ,already repeat,5-12,[],post-release,Neutral
731,jonasbrothers,5-12,Jan.ss2 ,incredible amazing,5-12,[],post-release,Positive
732,jonasbrothers,5-12,Aimee ğŸ¦‹ğŸ”®â­ğŸ¤ ,top waffle house vacation eyes summer hamptons summer baby little bird,5-12,[],post-release,Positive
733,jonasbrothers,5-12,Wina Dharmesti ,want guys know love new released album much thank beautiful tunes new fan,5-12,[],post-release,Positive
734,jonasbrothers,5-12,audrey ,proud every way possible put shows masterpiece beginning end thank love endlessly,5-12,[],post-release,Positive
735,jonasbrothers,5-12,Mariana ZapiÃ©n ,already playlists,5-12,[],post-release,Neutral
736,jonasbrothers,5-12,k e l l y ,grammy,5-12,[],post-release,Neutral
737,jonasbrothers,5-12,ğ“‘ğ“»ğ“²ğ“½ğ“½ğ“®ğ“·ğ”‚ğ““ğ“®ğ“·ğ“²ğ“¼ğ“® ,hey google play album,5-12,[],post-release,Positive
738,jonasbrothers,5-12,ğ“‘ğ“»ğ“²ğ“½ğ“½ğ“®ğ“·ğ”‚ğ““ğ“®ğ“·ğ“²ğ“¼ğ“® ,listening album repeat beach tomorrow,5-12,[],post-release,Neutral
739,jonasbrothers,5-12,Briana Resendez ,congratulations created another masterpiece proud,5-12,[],post-release,Positive
740,jonasbrothers,5-12,Breanna Roth ,little bird made friend cry,5-12,[],post-release,Neutral
741,jonasbrothers,5-12,Tiktoker ,happy release,5-12,[],post-release,Positive
742,jonasbrothers,5-12,Tammy ,incredible,5-12,[],post-release,Neutral
743,jonasbrothers,5-12,Hope Denney ,finally,5-12,[],post-release,Neutral
744,jonasbrothers,5-12,Pola Sas155 ,love album,5-12,[],post-release,Positive
745,jonasbrothers,5-12,Allison de La Tour ,cannot wait see guys vegas flying see alaska,5-12,[],post-release,Neutral
746,jonasbrothers,5-12,ivetteurzua2001 ,cannot wait live la,5-12,[],post-release,Neutral
747,jonasbrothers,5-12,Sophia Pope ,truly masterpiece cannot wait phx show,5-12,[],post-release,Positive
748,jonasbrothers,5-12,Veronica ,listened album repeat,5-12,[],post-release,Neutral
749,jonasbrothers,5-12,Sofia LeÃ³n ,pround,5-12,[],post-release,Neutral
750,jonasbrothers,5-12,Haley Gettys ,love,5-12,[],post-release,Positive
751,jonasbrothers,5-12,Mariah ,jonas brothers album going repeat everyday forever,5-12,[],post-release,Neutral
752,jonasbrothers,5-12,Hailey ,album special forever grateful able hear months ago thank coming back us love loads,5-12,[],post-release,Positive
753,jonasbrothers,5-12,Gabbie Louise Freema ,comeback guys real,5-12,[],post-release,Neutral
754,jonasbrothers,5-12,Ashley ,proud love much,5-12,[],post-release,Positive
755,jonasbrothers,5-12,DAISY^_^ ,cannot wait see guys chicago,5-12,[],post-release,Neutral
756,jonasbrothers,5-12,Jaime Kay ,good,5-12,[],post-release,Positive
757,jonasbrothers,5-12,baberuh ,,5-12,[],post-release,Neutral
758,jonasbrothers,5-12,alyg822 ,cannot wait thank coming back really loving seeing three matured professionally also families,5-12,[],post-release,Positive
759,jonasbrothers,5-12,ğŸ«¶ğŸ½ ,listened little bird sweetest song cannot believe girl dads,5-12,[],post-release,Neutral
760,jonasbrothers,5-12,lanaxparrillaxwife ,listened love,5-12,[],post-release,Positive
761,jonasbrothers,5-12,Stephanie Strand ,reepeeat,5-12,[],post-release,Neutral
762,jonasbrothers,5-12,_itssbevy ,love listening little bird repeat,5-12,[],post-release,Positive
763,jonasbrothers,5-12,Frances Middleton ,seeing guys together happy music makes happy loved watching journey back,5-12,[],post-release,Positive
764,jonasbrothers,5-12,Paola Ivellisse ,cried listening little bird,5-12,[],post-release,Negative
765,jonasbrothers,5-12,Hailey Albright ,celebrate summer baby walls might top three congrats guys love,5-12,[],post-release,Positive
766,jonasbrothers,5-12,Denise Fortin ,sad get presale code,5-12,[],post-release,Negative
767,jonasbrothers,5-12,Stephanie! ,already obsessed,5-12,[],post-release,Negative
768,jonasbrothers,5-12,janice ,ep excited,5-12,[],post-release,Positive
769,jonasbrothers,5-12,Hannahm15 ,excited nyc august,5-12,[],post-release,Positive
770,jonasbrothers,5-12,Kristinaseesyou ,ooh early talented like music,5-12,[],post-release,Positive
771,jonasbrothers,5-12,Aj ,excited,5-12,[],post-release,Positive
772,jonasbrothers,5-12,Lexi ,releasing birthday,5-12,[],post-release,Neutral
773,jonasbrothers,5-12,maddie :) ,album summer,5-12,[],post-release,Neutral
774,jonasbrothers,5-12,Marivi ğŸ¤­ ,greetings caracas venezuela greatly appreciated,5-12,[],post-release,Positive
775,jonasbrothers,5-12,Renee ,cannot wait hear love live,5-12,[],post-release,Negative
776,jonasbrothers,5-12,Melzz ,love guys,5-12,[],post-release,Positive
777,jonasbrothers,5-12,mnicole ğŸ’‹â¸†â¸‰ ,already listening,5-12,[],post-release,Neutral
778,jonasbrothers,5-12,Fabian ,fire,5-12,[],post-release,Negative
779,jonasbrothers,5-12,Vandita (Superstar TV âœ¨) ,faves,5-12,[],post-release,Neutral
780,jonasbrothers,5-12,Jessica Sidney ,obsessed little bird,5-12,[],post-release,Negative
781,jonasbrothers,5-12,user6517358475625 ,cannot wait see guys,5-12,[],post-release,Neutral
782,jonasbrothers,5-12,Emily McKenzie Reibe ,love,5-12,[],post-release,Positive
783,jonasbrothers,5-12,Jenna Hernandez ,wowowowow actually early,5-12,[],post-release,Neutral
784,jonasbrothers,5-12,Ashton Davidson ,official album summer definitely summer vibes,5-12,[],post-release,Positive
785,jonasbrothers,5-12,Lilyannaaaaa ,favorites fr,5-12,[],post-release,Positive
786,jonasbrothers,5-12,Tiffany Goehring ,omg early,5-12,[],post-release,Neutral
787,jonasbrothers,5-12,molly ,album feels,5-12,[],post-release,Neutral
788,jonasbrothers,5-12,molly ,little bird tearing,5-12,[],post-release,Neutral
789,jonasbrothers,5-12,molly ,summer baby song summer,5-12,[],post-release,Neutral
790,jonasbrothers,5-12,Izzy Shrout ,drill happy listening anything else weeks,5-12,[],post-release,Positive
791,jonasbrothers,5-12,laura.l0967 ,fisrt get hi plz,5-12,[],post-release,Positive
792,jonasbrothers,5-12,Camila Carrer ,come brazil,5-12,[],post-release,Neutral
793,jonasbrothers,5-12,user3509384160016 ,,5-13,[],post-release,Neutral
794,jonasbrothers,5-12,lynn ,walls uma experincia extracorprea espero poder ouvi la ao vivasso aqui brasil,5-12,[],post-release,Neutral
795,jonasbrothers,5-12,VICTORIAğŸ§  LA ASPIRACIONALğŸ’¡ ,aqu seguimos,5-12,[],post-release,Neutral
796,jonasbrothers,5-12,NicoleBerousek ,,6d ago ,[],post-release,Neutral
797,jonasbrothers,5-12,May20 ,,6-6,[],post-release,Neutral
798,jonasbrothers,5-12,user9754513423733 ,joe,6-6,[],post-release,Neutral
799,jonasbrothers,5-12,iarrmim5 ,lembra essa msica de algum canto zangetsu exe,6-1,[],post-release,Neutral
800,jonasbrothers,5-12,Alferjhen Jimenez ,music,5-29,[],post-release,Neutral
801,jonasbrothers,5-12,andre ,qui dalla parodia di favij e ipantellas,5-24,[],post-release,Neutral
802,jonasbrothers,5-12,auroraricceri ,,5-23,[],post-release,Neutral
803,jonasbrothers,5-12,VerÃ³nica Isabel Cumplido Ramos ,,5-20,[],post-release,Neutral
804,jonasbrothers,5-12,ã¦ ã‚† ã¡ ã‚ƒ ğŸ›¹ â™¡ ,vip,5-19,[],post-release,Positive
805,jonasbrothers,5-12,ã¦ ã‚† ã¡ ã‚ƒ ğŸ›¹ â™¡ ,,5-19,[],post-release,Neutral
806,jonasbrothers,5-12,CarmenğŸ’¥ ,el disco genial pero ahora toca venir espaa,5-17,[],post-release,Positive
807,jonasbrothers,5-12,linazarlenga ,bravissimo una bellissima voce,5-14,[],post-release,Neutral
808,jonasbrothers,5-12,AiğŸ–¤ ,los amo,5-14,[],post-release,Neutral
809,jonasbrothers,5-12,Ø§Ù„ÙÙ„Ø§Ø­Ø© ÙÙŠ Ø§ÙŠØ·Ø§Ù„ÙŠØ§ ,tam,5-14,[],post-release,Neutral
810,jonasbrothers,5-12,Katherine Valcar ,okey los espero en colombia digo mas,5-14,[],post-release,Neutral
811,jonasbrothers,5-12,Lydia Dwumaah ,,5-14,[],post-release,Neutral
812,jonasbrothers,5-12,Ana Alexandra ğŸ’— ,,5-14,[],post-release,Neutral
813,jonasbrothers,5-12,DJ RACHID ğŸ»ğŸ¸ğŸ¹ğŸª˜ğŸ¤ğŸ¬ ,,5-14,[],post-release,Neutral
814,jonasbrothers,5-12,tustaicumme ,,5-14,[],post-release,Neutral
815,jonasbrothers,5-12,Giupy ,bravissimo mi sono sempre piaciuti le sue canzoni e la sua voce,5-14,[],post-release,Neutral
816,jonasbrothers,5-12,Carol Stephani ,hacen tan feliz,5-14,[],post-release,Neutral
817,jonasbrothers,5-12,Lu ,,5-14,[],post-release,Neutral
818,jonasbrothers,5-12,Mica Selma ,los amo,5-14,[],post-release,Neutral
819,jonasbrothers,5-12,Daniela Ortiz ,los amo son lo mejor que existe,5-13,[],post-release,Neutral
820,jonasbrothers,5-12,Adriaaaanavg ,los amo,5-13,[],post-release,Neutral
821,jonasbrothers,5-12,amyğŸ˜ğŸ˜˜ ,,5-13,[],post-release,Neutral
822,jonasbrothers,5-12,GigiHadidâ£ï¸Taylor swift 1989ğŸ’™ ,alegra muchsimo que estn bien los imagino el mundo sin ellos los aprecio mucho,5-13,[],post-release,Negative
823,jonasbrothers,5-12,Diana Romero M. ,basta que canso de amarlos,5-13,[],post-release,Neutral
824,jonasbrothers,5-12,Adaâ€‚RÃ­os ,,5-13,[],post-release,Neutral
825,jonasbrothers,5-12,Bibi Lemus ,,5-13,[],post-release,Neutral
826,jonasbrothers,5-12,Ldgarcia_ ,basta demasiado guapos,5-13,[],post-release,Neutral
827,jonasbrothers,5-12,Vale ğŸ’œ ,el nuevo lbum es perfecto como ellos,5-13,[],post-release,Positive
828,jonasbrothers,5-12,CarolinaB ,,5-13,[],post-release,Neutral
829,jonasbrothers,5-12,Cami Alcaraz ,,5-13,[],post-release,Neutral
830,jonasbrothers,5-12,Paola Diaz Villanuev ,,5-13,[],post-release,Neutral
831,jonasbrothers,5-12,Gabriel Lima ,since com eles k,5-13,[],post-release,Neutral
832,jonasbrothers,5-12,Erica ,,5-12,[],post-release,Neutral
833,jonasbrothers,5-12,ltsLozza ,jane,5-12,[],post-release,Neutral
834,jonasbrothers,5-12,Jamaal ,,5-12,[],post-release,Neutral
835,jonasbrothers,5-12,PAULO HENRIQUE ,,5-12,[],post-release,Neutral
836,jonasbrothers,5-12,Danalit ,,5-12,[],post-release,Neutral
837,jonasbrothers,5-12,tha ,lindos,5-12,[],post-release,Neutral
838,jonasbrothers,5-12,Meli (Taylor's Version) âœ¨ ,,5-12,[],post-release,Neutral
839,jonasbrothers,5-12,Mari Botelho ,,5-12,[],post-release,Neutral
840,jonasbrothers,5-12,LemonPellieğŸ‹ ,aurelia,5-12,[],post-release,Neutral
841,jonasbrothers,5-12,MarÃ­a JosÃ© SÃ¡nchez ,,5-12,[],post-release,Neutral
842,jonasbrothers,5-12,HelenStephanie ,,5-12,[],post-release,Neutral
843,jonasbrothers,5-12,Jacqueline Antunes ,amo vcs,5-12,[],post-release,Neutral
844,jonasbrothers,5-12,Ğ‘â€˜ÑÑ‚Ñ– Ğ‘Ğ»Ğ¾Ğ³ĞµÑ€ ğŸ’„ğŸ‡ºğŸ‡¦ ,,5-12,[],post-release,Neutral
845,jonasbrothers,5-12,bookandblanket ,come brazil,5-12,[],post-release,Neutral
846,jonasbrothers,5-12,trofyğŸŒ» ,,5-12,[],post-release,Neutral
847,jonasbrothers,5-12,user1462229437813 ,,5-12,[],post-release,Neutral
848,jonasbrothers,5-12,Vanessa Rodriguez ,los amo,5-12,[],post-release,Neutral
849,jonasbrothers,5-12,KaryHertoğŸ’– ,,5-12,[],post-release,Neutral
850,jonasbrothers,5-12,Marcheâœ¨ ,,5-12,[],post-release,Neutral
851,jonasbrothers,5-12,Mariann Mtz ,los amo ya vengan gdl,5-12,[],post-release,Neutral
852,jonasbrothers,5-12,Shiky___ ,,5-12,[],post-release,Neutral
853,jonasbrothers,5-12,Rosie ,los tqm,5-12,[],post-release,Neutral
854,jonasbrothers,5-12,kay ,songs short,5-15,[],post-release,Neutral
855,jonasbrothers,5-12,Aoifesgotbeef ,hope reincarnated waffle,5-12,[],post-release,Positive
856,jonasbrothers,5-12,JustObserving ,missed trick waffle house,5-12,[],post-release,Negative
857,jonasbrothers,5-12,mustbeparanoid.0 ,listen cool songs short,5-12,[],post-release,Positive
858,jonasbrothers,5-12,elea ,begging another tour rotating stage,5-12,[],post-release,Neutral
859,jonasbrothers,5-12,gabi_ace ,come dr,5-12,[],post-release,Neutral
860,jonasbrothers,5-12,Sav ,annoyed artists making albums full songs like cmon,5-12,[],post-release,Neutral
861,jonasbrothers,5-12,A N N A ,jonas brothers check tiktok old litle baby love waffel house,5-12,[],post-release,Positive
862,jonasbrothers,5-12,Alondra ,streaming night,5-12,[],post-release,Neutral
863,jonasbrothers,5-12,Kir ,hey besties,5-12,[],post-release,Neutral
864,jonasbrothers,5-12,TSğŸ©µMidnightMayağŸ©µHs ,ah first love guys,5-12,[],post-release,Positive
865,jonasbrothers,5-12,åbeanå ,guy actor bruno midway,5-27,[],post-release,Neutral
866,jonasbrothers,5-12,Aliya ,camp rock,5-14,[],post-release,Neutral
867,jonasbrothers,5-12,Mia Mitchell ,love song,5-12,[],post-release,Positive
868,jonasbrothers,5-12,Christina â­ï¸ ,love album,5-12,[],post-release,Positive
869,jonasbrothers,5-12,â™¾ï¸ ,yay,5-12,[],post-release,Positive
870,jonasbrothers,5-12,Alygirl ,,1d ago ,[],post-release,Neutral
871,jonasbrothers,5-12,ĞœĞ°ÑˆĞºĞ° ,bella swan,5-27,[],post-release,Neutral
872,jonasbrothers,5-12,mascaraqueen ,,5-15,[],post-release,Neutral
873,jonasbrothers,5-12,Rachel Lunt-Travis ,beth ugc smm,5-14,[],post-release,Neutral
874,jonasbrothers,5-12,KellyRenee ,,5-13,[],post-release,Neutral
875,jonasbrothers,5-12,Proudbeingtobisexaulâ€‚ğŸ³ï¸â€ğŸŒˆğŸ’ ,,5-12,[],post-release,Neutral
876,jonasbrothers,5-12,QuÃ«Ã«n YdnalÃ¨m ,,5-12,[],post-release,Neutral
877,jonasbrothers,5-12,eva posner ğŸ’‹ğŸ’‹ ,ellie,5-12,[],post-release,Neutral
878,jonasbrothers,5-12,Mikey Slang ,,5-12,[],post-release,Neutral
879,jonasbrothers,5-12,yasminabdelfatah31 ,,5-12,[],post-release,Neutral
880,jonasbrothers,5-12,saharahğŸ‘¸ğŸ½ ,,5-12,[],post-release,Neutral
881,jonasbrothers,5-12,Lisa ,,5-12,[],post-release,Neutral
882,jonasbrothers,5-12,El ,lizzy,5-12,[],post-release,Neutral
883,jonasbrothers,5-12,Dani ,,5-12,[],post-release,Neutral
884,jonasbrothers,5-12,Meowisabelle ,,5-12,[],post-release,Neutral
885,jonasbrothers,5-12,kinwin902 ,,5-12,[],post-release,Neutral
886,jonasbrothers,5-12,Sydneykl1 ,heel yeah,5-12,[],post-release,Positive
887,jonasbrothers,5-12,Daisy Rain Martin ,,5-12,[],post-release,Neutral
888,jonasbrothers,5-12,Allison Kretschmer ,,5-12,[],post-release,Neutral
889,jonasbrothers,5-12,Cerys ğŸ§¸ğŸ§ğŸª©ğŸ‡ ,woso fan,5d ago ,[],post-release,Positive
890,jonasbrothers,5-12,manuel alfonso valdÃ© ,anharadaniella,6-10,[],post-release,Neutral
891,jonasbrothers,5-12,mouradounalli13 ,,5-14,[],post-release,Neutral
892,jonasbrothers,5-12,TammyM ,merna zena,5-12,[],post-release,Neutral
893,jonasbrothers,5-12,Ton Papa ,jon bellion cooked,5-12,[],post-release,Neutral
894,jonasbrothers,5-12,Bethany Laura Rose Barton ,bethany laura rose barton love new album especially walls vacation eyes,5-12,[],post-release,Positive
895,jonasbrothers,5-12,TheDon73 ,nick joe kevin helo repeat,1d ago ,[],post-release,Neutral
896,jonasbrothers,5-12,Angelo Aldava Gallar ,petition continue camp rock hahahaha,6-2,[],post-release,Neutral
897,jonasbrothers,5-12,Positive Vibes ! ,song head day telling someone showed,5-29,[],post-release,Neutral
898,jonasbrothers,5-12,Feloj Grab Lomalang ,done download,5-28,[],post-release,Neutral
899,jonasbrothers,5-12,MsJonas2023 ,loving guys since please come back peru finally afford pay ticket,5-18,[],post-release,Positive
900,jonasbrothers,5-12,Garrison .S. ,sounds like saying waffle love also breakfast place,5-14,[],post-release,Positive
901,jonasbrothers,5-12,Chase Marshall ,miracle reminds shrek americana sounds like suit tie,5-13,[],post-release,Positive
902,jonasbrothers,5-12,judy ,dog passed away yesterday song repeat help get morning,5-13,[],post-release,Positive
903,jonasbrothers,5-12,Regulus Arcturus ,love song,5-12,[],post-release,Positive
904,jonasbrothers,5-12,Megan Cruz ,definitely started day driving work album cried little bird came thinking kids album one favs,5-12,[],post-release,Neutral
905,jonasbrothers,5-12,mariahalexia ,years later still lead cmon nick,5-12,[],post-release,Neutral
906,jonasbrothers,5-12,ğŸª« ,literally watched guys roast show whole fyp full yous,5-12,[],post-release,Neutral
907,jonasbrothers,5-12,@palm_tree24 ,album amazing proud guys,5-12,[],post-release,Positive
908,jonasbrothers,5-12,Kayla Chizek ,got tickets see sacramento,5-12,[],post-release,Neutral
909,jonasbrothers,5-12,rliotti94 ,love song cannot wait see sixth time hopefully meet greets jonas brothers joejonas nick jonas kevin jonas,5-12,[],post-release,Positive
910,jonasbrothers,5-12,â™¡ Wabi Sabi ,rillryllreal dagko na sila hahahaha,5-26,[],post-release,Neutral
911,jonasbrothers,5-12,Leah ğŸ§‡ ,guys prepare getting grammy,5-12,[],post-release,Neutral
912,jonasbrothers,5-12,Debbie ,,5-20,[],post-release,Neutral
913,jonasbrothers,5-12,Christian ğŸ¦–ğŸ‘€ ,omg kevin keeps getting hotter,5-18,[],post-release,Neutral
914,jonasbrothers,5-12,Brazen Edwards ,entire album banger repeat,5-16,[],post-release,Neutral
915,jonasbrothers,5-12,âœï¸ğŸ’œ zahra ğŸ’œâœï¸ ,coming south africa,5-14,[],post-release,Neutral
916,jonasbrothers,5-12,lil_nanners<3 ,ugh love sings love,5-13,[],post-release,Positive
917,jonasbrothers,5-12,Zach Koullas ,,5-12,[],post-release,Neutral
918,jonasbrothers,5-12,jonasbro01 ,,5-12,[],post-release,Neutral
919,jonasbrothers,5-12,Becca Lopez ,maturing realising kevin hottest,5-12,[],post-release,Neutral
920,jonasbrothers,5-12,Elijah Borg ,way,5-12,[],post-release,Neutral
921,jonasbrothers,5-12,Trolltrace ,vote,5-12,[],post-release,Neutral
922,jonasbrothers,5-12,Samantha âœ¨ï¸ ,heard,5-12,[],post-release,Neutral
923,jonasbrothers,5-12,Lauren ,sexy waffle house kings brutus,5-12,[],post-release,Positive
924,jonasbrothers,5-12,ChantelSophiaxo ,thank,5-12,[],post-release,Positive
925,jonasbrothers,5-12,5ï¸âƒ£â­ï¸. ,jonas brothers fine,5-12,[],post-release,Positive
926,jonasbrothers,5-12,aisling ,slay,5-12,[],post-release,Neutral
927,jonasbrothers,5-12,Kaylin ,already listened times banger,5-12,[],post-release,Neutral
928,jonasbrothers,5-12,âœ¨â˜ ï¸ ,album,5-12,[],post-release,Neutral
929,jonasbrothers,5-12,Kalyn ,taking back scouring internet videos tiny shows excited,5-12,[],post-release,Positive
930,jonasbrothers,5-12,jamesbong2342023 ,,2d ago ,[],post-release,Neutral
931,jonasbrothers,5-12,auroraricceri ,,5-23,[],post-release,Neutral
932,jonasbrothers,5-12,Danalit ,venezuela venezuela venezuela venezuela venezuela venezuela venezuela venezuela venezuela venezuela venezuela venezuela venezuela venezuela venezuela,5-12,[],post-release,Neutral
933,jonasbrothers,5-12,user5401881030676 ,los amo viejitos sabrosos,5-12,[],post-release,Neutral
934,jonasbrothers,5-12,Lea Dayana Banda Valdes ,kevin jonas joejonas nick jonas mi mejor hermano te quiero mucho favorito beso leadayanabandavaldes,5-12,[],post-release,Neutral
935,jonasbrothers,5-12,eilxah ,pom poms boys back,5-29,[],post-release,Neutral
936,jonasbrothers,5-12,ğŸ§  ,sounded like itchyworms,5-28,[],post-release,Positive
937,jonasbrothers,5-12,Seth J. ,wtf song,5-22,[],post-release,Negative
938,jonasbrothers,5-12,Chelsie ,mad version actually say shit,5-20,[],post-release,Negative
939,jonasbrothers,5-12,channy ,song eats took long make comeback,5-18,[],post-release,Neutral
940,jonasbrothers,5-12,Tripp ,,5-17,[],post-release,Neutral
941,jonasbrothers,5-12,Gabrielle costello ,love kink,5-13,[],post-release,Positive
942,jonasbrothers,5-12,GracieBee ,someone fan since earned right say best like album,5-13,[],post-release,Positive
943,jonasbrothers,5-12,Ruben ,flop,5-13,[],post-release,Negative
944,jonasbrothers,5-12,MD_SC_Teacher_2007 ,obsessed summer baby montana sky streamed repeatedly youtube today teaching,5-12,[],post-release,Negative
945,jonasbrothers,5-12,user3011843234396 ,sorry boss cannot work today album day,5-12,[],post-release,Negative
946,jonasbrothers,5-12,Charlie marsden ,running money,5-12,[],post-release,Neutral
947,jonasbrothers,5-12,Holly Grace ,omg year old happy,5-12,[],post-release,Positive
948,jonasbrothers,5-12,Debby Beer ,saw,5-12,[],post-release,Neutral
949,jonasbrothers,5-12,no ,wtf video,5-12,[],post-release,Negative
950,jonasbrothers,5-12,thirkell5213 ,rents spend time waffle house,5-12,[],post-release,Neutral
951,jonasbrothers,5-12,AbeG ,nick always look like hurts open mouth sings,5-12,[],post-release,Negative
952,jonasbrothers,5-12,Usuario ,,5-14,[],post-release,Neutral
953,jonasbrothers,5-12,Danalit ,venezuela venezuela nicholas jerry jonas joseph adam jonas paul kevin jonas venezuela venezuela venezuela,5-13,[],post-release,Neutral
954,jonasbrothers,5-12,Maddy ,encanta que en cada etapa de mi vida mi soundtrack siempre han sido ustedes gracias por su msica hemos crecido juntos amo,5-13,[],post-release,Neutral
955,jonasbrothers,5-12,Yanethâ€‚RodrÃ­guez ,,5-12,[],post-release,Neutral
956,jonasbrothers,5-12,Andy âœ¨ ,come latinoamrica,5-12,[],post-release,Neutral
957,jonasbrothers,5-12,Nicola ,could really hear jons influence absolute,5-14,[],post-release,Neutral
958,jonasbrothers,5-12,Maddy MoVa ,know always love,5-13,[],post-release,Positive
959,jonasbrothers,5-12,erin ,good,5-12,[],post-release,Positive
960,jonasbrothers,5-12,chivis flores ğŸ˜» ,,5-12,[],post-release,Neutral
