url,poster,post_date,content,hashtag,like_num,comment_num,comment_person,comment,comment_date
https://www.tiktok.com/@beyonce/video/7125644041206730027,beyonce,2022-7-29,RENAISSANCE…,,557.8K,8032,TikTok ,HIVE WE’RE NOT SLEEPING TONIGHT,2022-7-29
https://www.tiktok.com/@beyonce/video/7125644041206730027,beyonce,2022-7-29,RENAISSANCE…,,557.8K,8032,Shalissaaaaaa😎🧍🏾‍♀️🥴💖 ,Nah bc church girl took me for a lil loop ngl 💀💀💀,2022-7-29
https://www.tiktok.com/@beyonce/video/7125644041206730027,beyonce,2022-7-29,RENAISSANCE…,,557.8K,8032,ChannDaily 🏳️‍🌈 ,THE TRANSITION FROM CUFF IT TO ENERGY!!? I’ll never sleep again I guess 😅,2022-7-29
https://www.tiktok.com/@beyonce/video/7125644041206730027,beyonce,2022-7-29,RENAISSANCE…,,557.8K,8032,ZAYA ,RENAISSANCE WAS TRULY A 100000000000000000000000000000000000000000000000000000000000000000000000000000000000000000000000000000000000000000000000/10!🐝,2022-7-29
https://www.tiktok.com/@beyonce/video/7125644041206730027,beyonce,2022-7-29,RENAISSANCE…,,557.8K,8032,joeybonvie ,ALIEN SUPERSTAR IS EVERYTHING,2022-7-29
https://www.tiktok.com/@beyonce/video/7125644041206730027,beyonce,2022-7-29,RENAISSANCE…,,557.8K,8032,BaddieBey😜😜😜 ,"Beyoncé you ate,and I’m deeply sorry that some people had leaked your work that you have spend your blood,sweat and tears on but you still anyways💅🏾",2022-7-29
https://www.tiktok.com/@beyonce/video/7125644041206730027,beyonce,2022-7-29,RENAISSANCE…,,557.8K,8032,Challan ,I literally have this entire day marked off on my calendar.,2022-7-29
https://www.tiktok.com/@beyonce/video/7125644041206730027,beyonce,2022-7-29,RENAISSANCE…,,557.8K,8032,Syd (YourHealthCareScoop) ,Ma’am these transitions?!?! I didn’t even realize I was halfway into ENERGY,2022-7-29
https://www.tiktok.com/@beyonce/video/7125644041206730027,beyonce,2022-7-29,RENAISSANCE…,,557.8K,8032,Oliver Sims IV ,the way i didn’t realize i was 4 songs in because the transitions were THAT smooth,2022-7-29
https://www.tiktok.com/@beyonce/video/7125644041206730027,beyonce,2022-7-29,RENAISSANCE…,,557.8K,8032,Therealsnowsister 🎀 ,Sikeee I got y’all 😂,2022-8-4
https://www.tiktok.com/@beyonce/video/7125644041206730027,beyonce,2022-7-29,RENAISSANCE…,,557.8K,8032,Nate White ,LETS GOOOOOO!!! Leme put on my knee pads,2022-7-29
https://www.tiktok.com/@beyonce/video/7125644041206730027,beyonce,2022-7-29,RENAISSANCE…,,557.8K,8032,JuicyBodyGoddess ,THIQUE IS MY NEW SOUL SONG,2022-7-29
https://www.tiktok.com/@beyonce/video/7125644041206730027,beyonce,2022-7-29,RENAISSANCE…,,557.8K,8032,Vanna_314 ,Bey!! I was NOT ready for church girl 😳… 😂,2022-7-29
https://www.tiktok.com/@beyonce/video/7125644041206730027,beyonce,2022-7-29,RENAISSANCE…,,557.8K,8032,ZURI⚡️ ,I JUST QUIT MY JOB !!!! & FELL IN LOVE WITH THIS ALBUM💿💿💅🏽💅🏽 QUEEN … THANK YOU🐝🐝👑👑,2022-7-29
https://www.tiktok.com/@beyonce/video/7125644041206730027,beyonce,2022-7-29,RENAISSANCE…,,557.8K,8032,Best of Vogue™ ,LOSING IT RN,2022-7-29
https://www.tiktok.com/@beyonce/video/7125644041206730027,beyonce,2022-7-29,RENAISSANCE…,,557.8K,8032,back pain ,virgos groove is slaying,2022-7-29
https://www.tiktok.com/@beyonce/video/7125644041206730027,beyonce,2022-7-29,RENAISSANCE…,,557.8K,8032,Stream Renaissance ,Ur already topping the charts. Queen of the Industry,2022-7-29
https://www.tiktok.com/@beyonce/video/7125644041206730027,beyonce,2022-7-29,RENAISSANCE…,,557.8K,8032,Mo Ashlei ,"ALL MY VIRGOS, THE QUEEN GAVE US ANOTHER ANTHEM",2022-7-29
https://www.tiktok.com/@beyonce/video/7125644041206730027,beyonce,2022-7-29,RENAISSANCE…,,557.8K,8032,bran ,THE ALBUM IS EVERYTHING! ARE YOU KIDDING ME?????,2022-7-29
https://www.tiktok.com/@beyonce/video/7125644041206730027,beyonce,2022-7-29,RENAISSANCE…,,557.8K,8032,Beynet ,I know the visuals gon go crazy 😭,2022-7-29
https://www.tiktok.com/@beyonce/video/7125644041206730027,beyonce,2022-7-29,RENAISSANCE…,,557.8K,8032,MegaGoneFree ,QUEEN BEE IS BACK!!!!,2022-7-29
https://www.tiktok.com/@beyonce/video/7125644041206730027,beyonce,2022-7-29,RENAISSANCE…,,557.8K,8032,Jöshuaxavious ⭐️ ,CHURCH GIRLS RISEEE ⬇️💖,2022-7-29
https://www.tiktok.com/@beyonce/video/7125644041206730027,beyonce,2022-7-29,RENAISSANCE…,,557.8K,8032,Mrs. Johnnitta Jackson ,I love THIQUE already @Beyoncé,2022-7-29
https://www.tiktok.com/@beyonce/video/7125644041206730027,beyonce,2022-7-29,RENAISSANCE…,,557.8K,8032,PatD Lucky ,🔥🔥🔥🔥,2022-7-29
https://www.tiktok.com/@beyonce/video/7125644041206730027,beyonce,2022-7-29,RENAISSANCE…,,557.8K,8032,hnicholsillustration ,We are so lucky. 😭,2022-7-29
https://www.tiktok.com/@beyonce/video/7125644041206730027,beyonce,2022-7-29,RENAISSANCE…,,557.8K,8032,Canaan ,“MOVE” THOUGH 😍 😍,2022-7-29
https://www.tiktok.com/@beyonce/video/7125644041206730027,beyonce,2022-7-29,RENAISSANCE…,,557.8K,8032,Texas Humor ,I'M NOT SLEEPING TN,2022-7-29
https://www.tiktok.com/@beyonce/video/7125644041206730027,beyonce,2022-7-29,RENAISSANCE…,,557.8K,8032,Fernanda ,Beyonce is literally so beautiful 😍,2022-7-29
https://www.tiktok.com/@beyonce/video/7125644041206730027,beyonce,2022-7-29,RENAISSANCE…,,557.8K,8032,Josh Dior 🤟🏾😛 ,I’m readyyyyy 🔥🔥🔥😍,2022-7-29
https://www.tiktok.com/@beyonce/video/7125644041206730027,beyonce,2022-7-29,RENAISSANCE…,,557.8K,8032,Btypep ,I love how the only reason B joined TT is to promote her album because she’s knows this is where her audience is… all marketing,2022-7-30
https://www.tiktok.com/@beyonce/video/7125644041206730027,beyonce,2022-7-29,RENAISSANCE…,,557.8K,8032,Rah ,I’m ready. 🧍🏾‍♀️,2022-7-29
https://www.tiktok.com/@beyonce/video/7125644041206730027,beyonce,2022-7-29,RENAISSANCE…,,557.8K,8032,lust ,BEYONCÉ MOTHER,2022-7-29
https://www.tiktok.com/@beyonce/video/7125644041206730027,beyonce,2022-7-29,RENAISSANCE…,,557.8K,8032,Shawn Thomas 🇺🇸🇮🇳 ,"she’s back, y’all…",2022-7-29
https://www.tiktok.com/@beyonce/video/7125644041206730027,beyonce,2022-7-29,RENAISSANCE…,,557.8K,8032,Riz ,BEYONCÉ ? BEYONCÉ???,2022-7-29
https://www.tiktok.com/@beyonce/video/7125644041206730027,beyonce,2022-7-29,RENAISSANCE…,,557.8K,8032,RT4 ,Not a classic album for sure 6/10 at best,2022-7-29
https://www.tiktok.com/@beyonce/video/7125644041206730027,beyonce,2022-7-29,RENAISSANCE…,,557.8K,8032,Laya ,HI BEYONCÉ,2022-7-29
https://www.tiktok.com/@beyonce/video/7125644041206730027,beyonce,2022-7-29,RENAISSANCE…,,557.8K,8032,Daniel Lykke Holm ,✨THIS ALBUM SAVED MY SUMMER ✨,2022-7-29
https://www.tiktok.com/@beyonce/video/7125644041206730027,beyonce,2022-7-29,RENAISSANCE…,,557.8K,8032,Austun Reid ,early on a Beyoncé tiktok?!!,2022-7-29
https://www.tiktok.com/@beyonce/video/7125644041206730027,beyonce,2022-7-29,RENAISSANCE…,,557.8K,8032,bran ,PURE/HONEY is the best thing I’ve ever heard!!!!,2022-7-29
https://www.tiktok.com/@beyonce/video/7125644041206730027,beyonce,2022-7-29,RENAISSANCE…,,557.8K,8032,Teyana Taylor 🐞 ,I love the album 🥺🥺,2022-7-29
https://www.tiktok.com/@beyonce/video/7125644041206730027,beyonce,2022-7-29,RENAISSANCE…,,557.8K,8032,Thee Muses ,Understand it’s already been listened to five times in full at least,2022-7-30
https://www.tiktok.com/@beyonce/video/7125644041206730027,beyonce,2022-7-29,RENAISSANCE…,,557.8K,8032,𝓓𝓪𝓷𝓪𝔂𝓮́ 👼🏽 ,The whole album is straight fire I’m shook 😭 idc what nobody say. I love it 👏🏽🔥,2022-7-29
https://www.tiktok.com/@beyonce/video/7125644041206730027,beyonce,2022-7-29,RENAISSANCE…,,557.8K,8032,Thickleeyonce ,Yes please!!!!,2022-7-29
https://www.tiktok.com/@beyonce/video/7125644041206730027,beyonce,2022-7-29,RENAISSANCE…,,557.8K,8032,𝙇𝙀𝙊® ,me after lying about u blocking me to get out of my flop era😻😻,2022-8-1
https://www.tiktok.com/@beyonce/video/7125644041206730027,beyonce,2022-7-29,RENAISSANCE…,,557.8K,8032,Gab ,"My top 3 songs for this album
Alien superstar
Cuff it
Church girl",2022-7-29
https://www.tiktok.com/@beyonce/video/7125644041206730027,beyonce,2022-7-29,RENAISSANCE…,,557.8K,8032,isaac ,we are ready,2022-7-29
https://www.tiktok.com/@beyonce/video/7125644041206730027,beyonce,2022-7-29,RENAISSANCE…,,557.8K,8032,Meme Monroe ,There's 3 acts right? So when the other 2 albums dropping?,2022-7-29
https://www.tiktok.com/@beyonce/video/7125644041206730027,beyonce,2022-7-29,RENAISSANCE…,,557.8K,8032,Yoncé’s Wife💞💍 ,I CANT BREATHE BEYYYYY,2022-7-29
https://www.tiktok.com/@beyonce/video/7125644041206730027,beyonce,2022-7-29,RENAISSANCE…,,557.8K,8032,Kenyana Keke Houston ,BEST BIRTHDAY GIFT EVER ❤️,2022-7-29
https://www.tiktok.com/@beyonce/video/7125644041206730027,beyonce,2022-7-29,RENAISSANCE…,,557.8K,8032,Matona Ngidi ,Let’s talk about pure/honey😩😩😩😩😩,2022-7-31
https://www.tiktok.com/@beyonce/video/7125644041206730027,beyonce,2022-7-29,RENAISSANCE…,,557.8K,8032,Cameron Goode ,QUEENNN!!!!,2022-7-29
https://www.tiktok.com/@beyonce/video/7125644041206730027,beyonce,2022-7-29,RENAISSANCE…,,557.8K,8032,Izzy Tha God ,ALBUM OF THE YEAR!,2022-7-29
https://www.tiktok.com/@beyonce/video/7125644041206730027,beyonce,2022-7-29,RENAISSANCE…,,557.8K,8032,nia ,I CANT STOP WATCHING THIS,2022-7-29
https://www.tiktok.com/@beyonce/video/7125644041206730027,beyonce,2022-7-29,RENAISSANCE…,,557.8K,8032,jaz ,Just listened to all the songs omg thank you,2022-7-29
https://www.tiktok.com/@beyonce/video/7125644041206730027,beyonce,2022-7-29,RENAISSANCE…,,557.8K,8032,Shera ,This entire album is a serious vibe. Seamless and beautiful,2022-7-29
https://www.tiktok.com/@beyonce/video/7125644041206730027,beyonce,2022-7-29,RENAISSANCE…,,557.8K,8032,TerryKaye ,C’MOOOOON!!!!!!!,2022-7-29
https://www.tiktok.com/@beyonce/video/7125644041206730027,beyonce,2022-7-29,RENAISSANCE…,,557.8K,8032,Kai | Natural Hair + Beauty ,So much for my good nights rest,2022-7-29
https://www.tiktok.com/@beyonce/video/7125644041206730027,beyonce,2022-7-29,RENAISSANCE…,,557.8K,8032,Mason Blake ,MOTHERRRR,2022-8-3
https://www.tiktok.com/@beyonce/video/7125644041206730027,beyonce,2022-7-29,RENAISSANCE…,,557.8K,8032,s12h11 ,"Ohh I waited for so long ….I heard the album and to be honest I wanted some soul ,R&B like “I am Sasha fierce “ album… hmmm what happened?",2022-7-29
https://www.tiktok.com/@beyonce/video/7125644041206730027,beyonce,2022-7-29,RENAISSANCE…,,557.8K,8032,YonceSupport ,MOTHER,2022-7-29
https://www.tiktok.com/@beyonce/video/7125644041206730027,beyonce,2022-7-29,RENAISSANCE…,,557.8K,8032,Louise Epa-Rolfe ,PURE/HONEY 🎶🔥🔥🔥,2022-7-29
https://www.tiktok.com/@beyonce/video/7125644041206730027,beyonce,2022-7-29,RENAISSANCE…,,557.8K,8032,Jamesia Manning ,heard the album 🔥 💥💥🤸🏾‍♀️🔥,2022-7-29
https://www.tiktok.com/@beyonce/video/7125644041206730027,beyonce,2022-7-29,RENAISSANCE…,,557.8K,8032,✨AJ✨ ,I’m in orbit.,2022-7-29
https://www.tiktok.com/@beyonce/video/7125644041206730027,beyonce,2022-7-29,RENAISSANCE…,,557.8K,8032,Griot JBHarris ,YASSSSSSSS,2022-7-29
https://www.tiktok.com/@beyonce/video/7125644041206730027,beyonce,2022-7-29,RENAISSANCE…,,557.8K,8032,Ashley Dalton ,QUEEN 🔥🔥🔥💎💎💎,2022-7-29
https://www.tiktok.com/@beyonce/video/7125644041206730027,beyonce,2022-7-29,RENAISSANCE…,,557.8K,8032,Sebastian Urdiales ,the queen is back,2022-7-29
https://www.tiktok.com/@beyonce/video/7125644041206730027,beyonce,2022-7-29,RENAISSANCE…,,557.8K,8032,Retard ,I’m listening to the album right now and it is 🔥🔥🔥,2022-7-29
https://www.tiktok.com/@beyonce/video/7125644041206730027,beyonce,2022-7-29,RENAISSANCE…,,557.8K,8032,Just Huge ,Interesting,2022-7-29
https://www.tiktok.com/@beyonce/video/7125644041206730027,beyonce,2022-7-29,RENAISSANCE…,,557.8K,8032,Crystal ,Mother. MOTHERRRRRRR. This album here baybeeeee. WHEW. 🔥😭,2022-7-29
https://www.tiktok.com/@beyonce/video/7125644041206730027,beyonce,2022-7-29,RENAISSANCE…,,557.8K,8032,beyonce ,THE QUEEN OF THE INDUSTRY,2022-7-29
https://www.tiktok.com/@beyonce/video/7125644041206730027,beyonce,2022-7-29,RENAISSANCE…,,557.8K,8032,Sukhraj Bassi ,I took Friday off bc I knew I was going to be HYPED,2022-7-29
https://www.tiktok.com/@beyonce/video/7125644041206730027,beyonce,2022-7-29,RENAISSANCE…,,557.8K,8032,naie ♡ ,THE VISUALS ARE EATINGGG! 🔥🔥,2022-7-30
https://www.tiktok.com/@beyonce/video/7125644041206730027,beyonce,2022-7-29,RENAISSANCE…,,557.8K,8032,HollywoodGenGen ,Yassssss,2022-7-29
https://www.tiktok.com/@beyonce/video/7125644041206730027,beyonce,2022-7-29,RENAISSANCE…,,557.8K,8032,Hayden Delishaas ,"I’m early, letssss gooooo",2022-7-29
https://www.tiktok.com/@beyonce/video/7125644041206730027,beyonce,2022-7-29,RENAISSANCE…,,557.8K,8032,Crystal in the laboratory ,I loved it! definitely a no skips album ❤️,2022-7-29
https://www.tiktok.com/@beyonce/video/7125644041206730027,beyonce,2022-7-29,RENAISSANCE…,,557.8K,8032,sebas ,MOTHER ARRIVED,2022-7-29
https://www.tiktok.com/@beyonce/video/7125644041206730027,beyonce,2022-7-29,RENAISSANCE…,,557.8K,8032,Nicki Minaj ,ALBUM WAS FIRE QUEENN,2022-7-29
https://www.tiktok.com/@beyonce/video/7125644041206730027,beyonce,2022-7-29,RENAISSANCE…,,557.8K,8032,Mike ,Church girl??? WOW,2022-7-29
https://www.tiktok.com/@beyonce/video/7125644041206730027,beyonce,2022-7-29,RENAISSANCE…,,557.8K,8032,Shenee ,No like it’s incredible I’m in awe crying shaking losing it,2022-7-29
https://www.tiktok.com/@beyonce/video/7125644041206730027,beyonce,2022-7-29,RENAISSANCE…,,557.8K,8032,B. Lee ☀️ ,TAAAAKING ITTTT,2022-7-29
https://www.tiktok.com/@beyonce/video/7125644041206730027,beyonce,2022-7-29,RENAISSANCE…,,557.8K,8032,Keith Donald ,The Album is 🔥💧,2022-7-29
https://www.tiktok.com/@beyonce/video/7125644041206730027,beyonce,2022-7-29,RENAISSANCE…,,557.8K,8032,Elyssia Mariè ,QUEEN B 👑,2022-7-29
https://www.tiktok.com/@beyonce/video/7125644041206730027,beyonce,2022-7-29,RENAISSANCE…,,557.8K,8032,ADHD while Black ,Please I’m gasping,2022-7-29
https://www.tiktok.com/@beyonce/video/7125644041206730027,beyonce,2022-7-29,RENAISSANCE…,,557.8K,8032,Eric. ,WE ARE NOT SLEEPING TONIGHT! 😏,2022-7-29
https://www.tiktok.com/@beyonce/video/7125644041206730027,beyonce,2022-7-29,RENAISSANCE…,,557.8K,8032,salamandra ,First,2022-7-29
https://www.tiktok.com/@beyonce/video/7125644041206730027,beyonce,2022-7-29,RENAISSANCE…,,557.8K,8032,Brandi Smith ,"OK, queen!",2022-7-29
https://www.tiktok.com/@beyonce/video/7125644041206730027,beyonce,2022-7-29,RENAISSANCE…,,557.8K,8032,Luminous Rah ,Look I can hear for the music and knew she was READY!!!✨,2022-7-29
https://www.tiktok.com/@beyonce/video/7125644041206730027,beyonce,2022-7-29,RENAISSANCE…,,557.8K,8032,h3rizonmusic ,🔥🔥🔥,2022-8-7
https://www.tiktok.com/@beyonce/video/7125644041206730027,beyonce,2022-7-29,RENAISSANCE…,,557.8K,8032,𝙗𝙤𝙣𝙣𝙞𝙚𝙮𝙤𝙣𝙘𝙚 ,i can't breathe☠️,2022-7-29
https://www.tiktok.com/@beyonce/video/7125644041206730027,beyonce,2022-7-29,RENAISSANCE…,,557.8K,8032,Kiara ,queen mother I live and breathe,2022-7-29
https://www.tiktok.com/@beyonce/video/7125644041206730027,beyonce,2022-7-29,RENAISSANCE…,,557.8K,8032,STALLI. ,SHES BEEN REALLL ACTIVE LATELY,2022-7-29
https://www.tiktok.com/@beyonce/video/7125644041206730027,beyonce,2022-7-29,RENAISSANCE…,,557.8K,8032,Blippi ,Who else listened to the whole thing in one sitting 👀👀👀,2022-7-29
https://www.tiktok.com/@beyonce/video/7125644041206730027,beyonce,2022-7-29,RENAISSANCE…,,557.8K,8032,Ivyonbeat._ ,OMGGGGG,2022-7-29
https://www.tiktok.com/@beyonce/video/7125644041206730027,beyonce,2022-7-29,RENAISSANCE…,,557.8K,8032,JRSaxophonic ,Werk!!! Ma’am get it,2022-7-29
https://www.tiktok.com/@beyonce/video/7125644041206730027,beyonce,2022-7-29,RENAISSANCE…,,557.8K,8032,𝐷𝑎𝑣𝑖𝑑🤍😍 ,I LISTENED TO DA ALBUM ND ITS WORTH ITTTTTTT,2022-7-29
https://www.tiktok.com/@beyonce/video/7125644041206730027,beyonce,2022-7-29,RENAISSANCE…,,557.8K,8032,. ,Hey you still up? And it’s the 29th also😅,2022-7-29
https://www.tiktok.com/@beyonce/video/7125644041206730027,beyonce,2022-7-29,RENAISSANCE…,,557.8K,8032,Veam Razaleigh ,WE WILL NOT BE SLEEPING,2022-7-29
https://www.tiktok.com/@beyonce/video/7125644041206730027,beyonce,2022-7-29,RENAISSANCE…,,557.8K,8032,✨AJ✨ ,No you don’t get it. I’m freaking out right now.,2022-7-29
https://www.tiktok.com/@beyonce/video/7125644041206730027,beyonce,2022-7-29,RENAISSANCE…,,557.8K,8032,beyoncé ,Queen❤🌍😊,2022-8-7
https://www.tiktok.com/@beyonce/video/7125644041206730027,beyonce,2022-7-29,RENAISSANCE…,,557.8K,8032,Widowed Mama ,When you’re here at 18.5k likes and know you’re way toooooo early,2022-7-29
https://www.tiktok.com/@beyonce/video/7125644041206730027,beyonce,2022-7-29,RENAISSANCE…,,557.8K,8032,editzbylyric ,Woah I’m mad early,2022-7-29
https://www.tiktok.com/@beyonce/video/7125644041206730027,beyonce,2022-7-29,RENAISSANCE…,,557.8K,8032,Elle Bee ,Yes 🙌🏽,2022-8-12
https://www.tiktok.com/@beyonce/video/7125644041206730027,beyonce,2022-7-29,RENAISSANCE…,,557.8K,8032,Prince_Desmonddd ,♍️NO ONE ELSE IN THIS WORLD THINKS LIKE US . Our minds wired different she is just my headquarters I was shipped away lmao 😂,2022-8-21
https://www.tiktok.com/@beyonce/video/7125644041206730027,beyonce,2022-7-29,RENAISSANCE…,,557.8K,8032,theonakaelang ,i am gonna sell my kidney for that album🥰🥰😂🥰🥰,2022-11-21
https://www.tiktok.com/@beyonce/video/7125644041206730027,beyonce,2022-7-29,RENAISSANCE…,,557.8K,8032,Flower. _.wrrks ,HEATED IS EVERYTHING,3d ago 
https://www.tiktok.com/@beyonce/video/7125644041206730027,beyonce,2022-7-29,RENAISSANCE…,,557.8K,8032,Doctor Neket ,#@beyonce,3d ago 
https://www.tiktok.com/@beyonce/video/7125644041206730027,beyonce,2022-7-29,RENAISSANCE…,,557.8K,8032,The 🔌 ,"Know that YOU r the 1 that gave SASHA FIERCE the experience n not the other way around🥰 to channel her match her frequency, she is you💅🏾",5d ago 
https://www.tiktok.com/@beyonce/video/7125644041206730027,beyonce,2022-7-29,RENAISSANCE…,,557.8K,8032,Fabie_971 ,the best for ever 🥰🥰,1w ago 
https://www.tiktok.com/@beyonce/video/7125644041206730027,beyonce,2022-7-29,RENAISSANCE…,,557.8K,8032,Gogos Corner ,This woman is everything! 😍,6-8
https://www.tiktok.com/@beyonce/video/7125644041206730027,beyonce,2022-7-29,RENAISSANCE…,,557.8K,8032,Littlefinger apologist ,ITS BEEN A YEAR,6-3
https://www.tiktok.com/@beyonce/video/7125644041206730027,beyonce,2022-7-29,RENAISSANCE…,,557.8K,8032,user548001151017 ,follow back,6-2
https://www.tiktok.com/@beyonce/video/7125644041206730027,beyonce,2022-7-29,RENAISSANCE…,,557.8K,8032,somerica ,queen,5-31
https://www.tiktok.com/@beyonce/video/7125644041206730027,beyonce,2022-7-29,RENAISSANCE…,,557.8K,8032,FailForRealz ,Gen Z does not care about Beyoncé & she obv got the message bc she posted a couple videos then abandoned her acct 😈,5-30
https://www.tiktok.com/@beyonce/video/7125644041206730027,beyonce,2022-7-29,RENAISSANCE…,,557.8K,8032,Honyeh ,Selling tickets to her london concert if anyone’s interested,5-29
https://www.tiktok.com/@beyonce/video/7125644041206730027,beyonce,2022-7-29,RENAISSANCE…,,557.8K,8032,T. marguerite ,Beyonce diva 🥰🥰,5-28
https://www.tiktok.com/@beyonce/video/7125644041206730027,beyonce,2022-7-29,RENAISSANCE…,,557.8K,8032,💜𝙈𝙤𝙣𝙞𝙘𝙖💜♍️ ,H~Town Fabolous 💯💜💜🖤🖤❤️❤️🤎🤎,5-28
https://www.tiktok.com/@beyonce/video/7125644041206730027,beyonce,2022-7-29,RENAISSANCE…,,557.8K,8032,Trong Kien ,girl it's been 84 years. visuals please 🙏,5-27
https://www.tiktok.com/@beyonce/video/7125644041206730027,beyonce,2022-7-29,RENAISSANCE…,,557.8K,8032,CLASSIC KETOGENIC DIET 101 ,🥰🥰🥰🥰🥰,5-27
https://www.tiktok.com/@beyonce/video/7125644041206730027,beyonce,2022-7-29,RENAISSANCE…,,557.8K,8032,quardiasmith ,PEOPLE tHiS GiRL iS SO TALENtEd SHE iS VERSiTLE iN MASS PREp FOr HER WELL KNOW WOrTHy iF I SAid LiKE a AMANy WELL YEL HOWEVER SHE NOt PLAYING ABOUt BE,5-26
https://www.tiktok.com/@beyonce/video/7125644041206730027,beyonce,2022-7-29,RENAISSANCE…,,557.8K,8032,RonelMiller NL ,nice,5-21
https://www.tiktok.com/@beyonce/video/7125644041206730027,beyonce,2022-7-29,RENAISSANCE…,,557.8K,8032,FeetZ ,Shoes.,5-18
https://www.tiktok.com/@beyonce/video/7125644041206730027,beyonce,2022-7-29,RENAISSANCE…,,557.8K,8032,camcam04💜 ,TOMORROW IS THE DAYYYYYYYYYYY!!!!!!!🪩🐝 BEYHIVEEEEE BOUT TO BE LITTTTTTT!!!!! Who’s ready???,5-9
https://www.tiktok.com/@beyonce/video/7125644041206730027,beyonce,2022-7-29,RENAISSANCE…,,557.8K,8032,user24755331864 ,"Hello Beyonce, I want to collaborate with you on my new songs",5-7
https://www.tiktok.com/@beyonce/video/7125644041206730027,beyonce,2022-7-29,RENAISSANCE…,,557.8K,8032,art ,turn to god sweet.,5-5
https://www.tiktok.com/@beyonce/video/7125644041206730027,beyonce,2022-7-29,RENAISSANCE…,,557.8K,8032,♒️ ,AND THE RENAISSANCE HAS YET BEGUN,5-2
https://www.tiktok.com/@beyonce/video/7125644041206730027,beyonce,2022-7-29,RENAISSANCE…,,557.8K,8032,Miasalleh0 ,No wayyyyyyyyyy,5-1
https://www.tiktok.com/@beyonce/video/7125644041206730027,beyonce,2022-7-29,RENAISSANCE…,,557.8K,8032,Thalya Oliveira ,👑👑👑,4-27
https://www.tiktok.com/@beyonce/video/7125644041206730027,beyonce,2022-7-29,RENAISSANCE…,,557.8K,8032,𝒯𝑜𝒹𝒶𝒽💟 ,Beyoncé???,4-26
https://www.tiktok.com/@beyonce/video/7125644041206730027,beyonce,2022-7-29,RENAISSANCE…,,557.8K,8032,tall don ,the instrument damn,4-25
https://www.tiktok.com/@beyonce/video/7125644041206730027,beyonce,2022-7-29,RENAISSANCE…,,557.8K,8032,SVT Supremacy ,we still waiting on the visuals mind you,4-21
https://www.tiktok.com/@beyonce/video/7125644041206730027,beyonce,2022-7-29,RENAISSANCE…,,557.8K,8032,Inuyasha ,❤️❤️,4-18
https://www.tiktok.com/@beyonce/video/7125644041206730027,beyonce,2022-7-29,RENAISSANCE…,,557.8K,8032,!! ,"DON'T BE FUNNY WIT MY
💸 HONEY!!!!
😉😘",4-18
https://www.tiktok.com/@beyonce/video/7125644041206730027,beyonce,2022-7-29,RENAISSANCE…,,557.8K,8032,Mrs. Mensah ♌️ ,🥰🥰🥰🥰,4-17
https://www.tiktok.com/@beyonce/video/7125644041206730027,beyonce,2022-7-29,RENAISSANCE…,,557.8K,8032,Houstonian ,"Born
A Stallion.
Real Talent👥",4-10
https://www.tiktok.com/@beyonce/video/7125644041206730027,beyonce,2022-7-29,RENAISSANCE…,,557.8K,8032,Neekitha ,Dates for africa 🥰pls for Nigeria Lagos or Abuja is fine pls drop the dates,3-30
https://www.tiktok.com/@beyonce/video/7125644041206730027,beyonce,2022-7-29,RENAISSANCE…,,557.8K,8032,Icee Jallow ,MJ is thrilling in his grave 🥰❣️🤩,3-30
https://www.tiktok.com/@beyonce/video/7125644041206730027,beyonce,2022-7-29,RENAISSANCE…,,557.8K,8032,handa_EXO ,Beyonce will we see you collaborating with EXO at the end of this year with an English-language song and dance with them??? 🫶🏻🫶🏻🫶🏻 @EXO,3-24
https://www.tiktok.com/@beyonce/video/7125644041206730027,beyonce,2022-7-29,RENAISSANCE…,,557.8K,8032,ilovecatssomuchalia ,@beyonce please answer this comment,3-19
https://www.tiktok.com/@beyonce/video/7125644041206730027,beyonce,2022-7-29,RENAISSANCE…,,557.8K,8032,devin🪩 ,IM SO READY OMGGGGGGGGGG,3-9
https://www.tiktok.com/@beyonce/video/7125644041206730027,beyonce,2022-7-29,RENAISSANCE…,,557.8K,8032,noah ,@lilybet 🫶 THIS WQS SO ICONIC,3-1
https://www.tiktok.com/@beyonce/video/7125644041206730027,beyonce,2022-7-29,RENAISSANCE…,,557.8K,8032,Boo ,Watch Yung Pryce song Anchor,2-27
https://www.tiktok.com/@beyonce/video/7125644041206730027,beyonce,2022-7-29,RENAISSANCE…,,557.8K,8032,Miasalleh0 ,I love your songs girl.,2-26
https://www.tiktok.com/@beyonce/video/7125644041206730027,beyonce,2022-7-29,RENAISSANCE…,,557.8K,8032,badd ,gorgeous💋,2-24
https://www.tiktok.com/@beyonce/video/7125644041206730027,beyonce,2022-7-29,RENAISSANCE…,,557.8K,8032,BLUE BARBARA ,🥰🥰🥰🥰,2-21
https://www.tiktok.com/@beyonce/video/7125644041206730027,beyonce,2022-7-29,RENAISSANCE…,,557.8K,8032,róisín (taylor's version) ,THIS ALBUM IS EVERYTHING,2-18
https://www.tiktok.com/@beyonce/video/7125644041206730027,beyonce,2022-7-29,RENAISSANCE…,,557.8K,8032,R ,What is the deal with this woman?She’s nothing special.I’ve heard better music and seen prettier women.,2-18
https://www.tiktok.com/@beyonce/video/7125644041206730027,beyonce,2022-7-29,RENAISSANCE…,,557.8K,8032,jj ,BEYONCE AND SEAN CARTER WERE ON EPSTEIN ISLAND,2-15
https://www.tiktok.com/@beyonce/video/7125644041206730027,beyonce,2022-7-29,RENAISSANCE…,,557.8K,8032,the blond king ,"hello, We are coming to see you on 14/5 in Belgium and on 26/5 in France, I am in a relationship with joshua and I would like to make my marriage",2-15
https://www.tiktok.com/@beyonce/video/7125644041206730027,beyonce,2022-7-29,RENAISSANCE…,,557.8K,8032,teetee ,JESUS LOVES YOU 🤍,2-11
https://www.tiktok.com/@beyonce/video/7125644041206730027,beyonce,2022-7-29,RENAISSANCE…,,557.8K,8032,Inuyasha ,I love your Music 🎵 Queen Bey,2-11
https://www.tiktok.com/@beyonce/video/7125644041206730027,beyonce,2022-7-29,RENAISSANCE…,,557.8K,8032,grownwoman👑 ,🥰🥰🥰🥰yes,2-10
https://www.tiktok.com/@beyonce/video/7125644041206730027,beyonce,2022-7-29,RENAISSANCE…,,557.8K,8032,Nonny ,😳😳😳😳😳😳,2-10
https://www.tiktok.com/@beyonce/video/7125644041206730027,beyonce,2022-7-29,RENAISSANCE…,,557.8K,8032,Wilcar Vasconcellos ,power,2-8
https://www.tiktok.com/@beyonce/video/7125644041206730027,beyonce,2022-7-29,RENAISSANCE…,,557.8K,8032,nia! ,IM NOT PLAYING WIT U.,2-8
https://www.tiktok.com/@beyonce/video/7125644041206730027,beyonce,2022-7-29,RENAISSANCE…,,557.8K,8032,jc Calisseee ,if your boy ever mentions my name again clique but i have urgent spend a few hours on who ever was ŕesponsible for saturns gate i want to see some,2-8
https://www.tiktok.com/@beyonce/video/7125644041206730027,beyonce,2022-7-29,RENAISSANCE…,,557.8K,8032,Greta ,The Queen is blessing us again,2-7
https://www.tiktok.com/@beyonce/video/7125644041206730027,beyonce,2022-7-29,RENAISSANCE…,,557.8K,8032,NOVELLA ,CONGRATULATIONS 👑🐝🎉,2-6
https://www.tiktok.com/@beyonce/video/7125644041206730027,beyonce,2022-7-29,RENAISSANCE…,,557.8K,8032,Keita abdoul🇨🇮🦅🇫🇷❤️🇫🇷 ,please i am one of your fan please get in touch with me i want to speak please for god sake,2-6
https://www.tiktok.com/@beyonce/video/7125644041206730027,beyonce,2022-7-29,RENAISSANCE…,,557.8K,8032,Jonas Everlasting ,So pretty 🥰🥰,2-4
https://www.tiktok.com/@beyonce/video/7125644041206730027,beyonce,2022-7-29,RENAISSANCE…,,557.8K,8032,Юрий Бугаев🔥YURIY BUGAYOV🔥 ,Beautiful ❤️,2-1
https://www.tiktok.com/@beyonce/video/7125644041206730027,beyonce,2022-7-29,RENAISSANCE…,,557.8K,8032,Mya ,BEYONCE YOUR A QUEEN,1-29
https://www.tiktok.com/@beyonce/video/7125644041206730027,beyonce,2022-7-29,RENAISSANCE…,,557.8K,8032,🩷preppy!!🩷 ,My mom obsessed with church girl and heated she play it everyday,1-25
https://www.tiktok.com/@beyonce/video/7125644041206730027,beyonce,2022-7-29,RENAISSANCE…,,557.8K,8032,Queen_Shalyn_22😜❤️‍🔥💍 ,Yesss Beyonce 😫🖤,1-24
https://www.tiktok.com/@beyonce/video/7125644041206730027,beyonce,2022-7-29,RENAISSANCE…,,557.8K,8032,bana ,queen 🐝 beyonce 😍,1-24
https://www.tiktok.com/@beyonce/video/7125644041206730027,beyonce,2022-7-29,RENAISSANCE…,,557.8K,8032,ezznällaaaaa ,Beyoncé,1-22
https://www.tiktok.com/@beyonce/video/7125644041206730027,beyonce,2022-7-29,RENAISSANCE…,,557.8K,8032,Apple User372724300 ,I am so sorry to hear that you are doing well and enjoying the day and I hope you are doing well with me and your dad and your life is a great friend,1-22
https://www.tiktok.com/@beyonce/video/7125644041206730027,beyonce,2022-7-29,RENAISSANCE…,,557.8K,8032,vigan makolli ,🥰🥰🥰🥰,1-21
https://www.tiktok.com/@beyonce/video/7125644041206730027,beyonce,2022-7-29,RENAISSANCE…,,557.8K,8032,GODBLESSYOUU†❤️ ,Jesus loves you all❤️,1-16
https://www.tiktok.com/@beyonce/video/7125644041206730027,beyonce,2022-7-29,RENAISSANCE…,,557.8K,8032,meganschild ,we loved it,1-15
https://www.tiktok.com/@beyonce/video/7125644041206730027,beyonce,2022-7-29,RENAISSANCE…,,557.8K,8032,.. ,we know the truth about you,1-9
https://www.tiktok.com/@beyonce/video/7125644041206730027,beyonce,2022-7-29,RENAISSANCE…,,557.8K,8032,Janet ,Queen 🥰,1-5
https://www.tiktok.com/@beyonce/video/7125644041206730027,beyonce,2022-7-29,RENAISSANCE…,,557.8K,8032,Erza ,Church girl??? WOW,1-2
https://www.tiktok.com/@beyonce/video/7125644041206730027,beyonce,2022-7-29,RENAISSANCE…,,557.8K,8032,Erza ,I'M NOT SLEEPING TN,1-2
https://www.tiktok.com/@beyonce/video/7125644041206730027,beyonce,2022-7-29,RENAISSANCE…,,557.8K,8032,Erza ,I literally have this entire day marked off on my calendar.,1-2
https://www.tiktok.com/@beyonce/video/7125644041206730027,beyonce,2022-7-29,RENAISSANCE…,,557.8K,8032,Erza ,Yes please!!!!,1-2
https://www.tiktok.com/@beyonce/video/7125644041206730027,beyonce,2022-7-29,RENAISSANCE…,,557.8K,8032,Erza ,HIVE WE’RE NOT SLEEPING TONIGHT,1-2
https://www.tiktok.com/@beyonce/video/7125644041206730027,beyonce,2022-7-29,RENAISSANCE…,,557.8K,8032,Kimberly King ,I’m in love with this CD. This is the grown Beyoncé and I love every minute of it. Love Kim,2022-12-31
https://www.tiktok.com/@beyonce/video/7125644041206730027,beyonce,2022-7-29,RENAISSANCE…,,557.8K,8032,FRENJI ,beautiful,2022-12-25
https://www.tiktok.com/@beyonce/video/7125644041206730027,beyonce,2022-7-29,RENAISSANCE…,,557.8K,8032,Kukie ,Hello Virgo my sister I will pray for you nothing happen to you go for 3 days dry fasting okay @beyonce,2022-12-20
https://www.tiktok.com/@beyonce/video/7125644041206730027,beyonce,2022-7-29,RENAISSANCE…,,557.8K,8032,T. marguerite ,🥰🥰,2022-12-18
https://www.tiktok.com/@beyonce/video/7125644041206730027,beyonce,2022-7-29,RENAISSANCE…,,557.8K,8032,leahcimyerorellab ,🐝🐝🐝🐝🐝🐝🐝,2022-12-17
https://www.tiktok.com/@beyonce/video/7125644041206730027,beyonce,2022-7-29,RENAISSANCE…,,557.8K,8032,♒️ ,WHAT DOES IT MEAN 😩😩😩😩😩,2022-12-15
https://www.tiktok.com/@beyonce/video/7125644041206730027,beyonce,2022-7-29,RENAISSANCE…,,557.8K,8032,Ariana fan 309 ,the queen is here ❤️,2022-12-14
https://www.tiktok.com/@beyonce/video/7125644041206730027,beyonce,2022-7-29,RENAISSANCE…,,557.8K,8032,Queen of Atlanta ,greetings to the globe,2022-12-8
https://www.tiktok.com/@beyonce/video/7125644041206730027,beyonce,2022-7-29,RENAISSANCE…,,557.8K,8032,tommy ,Go make another deal with the dev,2022-11-30
https://www.tiktok.com/@beyonce/video/7125644041206730027,beyonce,2022-7-29,RENAISSANCE…,,557.8K,8032,Jas Carter ,Very beautiful B 😊,2022-11-25
https://www.tiktok.com/@beyonce/video/7125644041206730027,beyonce,2022-7-29,RENAISSANCE…,,557.8K,8032,heheheh ,I love Beyonce and we both are virgos,2022-11-24
https://www.tiktok.com/@beyonce/video/7125644041206730027,beyonce,2022-7-29,RENAISSANCE…,,557.8K,8032,carrotcake ,My favorite ❤️🫶🏽,2022-11-24
https://www.tiktok.com/@beyonce/video/7125644041206730027,beyonce,2022-7-29,RENAISSANCE…,,557.8K,8032,michaelreycabal13 ,queen,2022-11-20
https://www.tiktok.com/@beyonce/video/7125644041206730027,beyonce,2022-7-29,RENAISSANCE…,,557.8K,8032,michaelreycabal13 ,🥰🥰🥰,2022-11-20
https://www.tiktok.com/@beyonce/video/7125644041206730027,beyonce,2022-7-29,RENAISSANCE…,,557.8K,8032,michaelreycabal13 ,🥰,2022-11-20
https://www.tiktok.com/@beyonce/video/7125644041206730027,beyonce,2022-7-29,RENAISSANCE…,,557.8K,8032,Kea Kea Mo ,88 🖤,2022-11-16
https://www.tiktok.com/@beyonce/video/7125644041206730027,beyonce,2022-7-29,RENAISSANCE…,,557.8K,8032,Eunicetomindyourbusiness ,So nice also us for laughs 😂,2022-11-12
https://www.tiktok.com/@beyonce/video/7125644041206730027,beyonce,2022-7-29,RENAISSANCE…,,557.8K,8032,Melody Shame ,SLAYYYY,2022-11-9
https://www.tiktok.com/@beyonce/video/7125644041206730027,beyonce,2022-7-29,RENAISSANCE…,,557.8K,8032,KYNG ,She’s so amazing,2022-11-7
https://www.tiktok.com/@beyonce/video/7125644041206730027,beyonce,2022-7-29,RENAISSANCE…,,557.8K,8032,airon ,AND?,2022-11-6
https://www.tiktok.com/@beyonce/video/7125644041206730027,beyonce,2022-7-29,RENAISSANCE…,,557.8K,8032,krazefag ,💖💖💖,2022-11-6
https://www.tiktok.com/@beyonce/video/7125644041206730027,beyonce,2022-7-29,RENAISSANCE…,,557.8K,8032,🩷✨𝙺𝚢𝚛𝚒𝚒✨🩵 ,I LOVE THIS SONG!!!!🥰🥰🥰🔥🔥,2022-11-6
https://www.tiktok.com/@beyonce/video/7125644041206730027,beyonce,2022-7-29,RENAISSANCE…,,557.8K,8032,Algonquin and Ojibway woman ,Plenty of likes I don't believe in making the rich richer.,2022-11-4
https://www.tiktok.com/@beyonce/video/7125644041206730027,beyonce,2022-7-29,RENAISSANCE…,,557.8K,8032,iviwe🩷 ,ma’am… it’s november now!!!😭😭,2022-11-1
https://www.tiktok.com/@beyonce/video/7125644041206730027,beyonce,2022-7-29,RENAISSANCE…,,557.8K,8032,Natty_real👑🤍 ,🥰🥰🥰,2022-11-1
https://www.tiktok.com/@beyonce/video/7125644041206730027,beyonce,2022-7-29,RENAISSANCE…,,557.8K,8032,golden Esther ,🥰🥰,2022-10-31
https://www.tiktok.com/@beyonce/video/7125644041206730027,beyonce,2022-7-29,RENAISSANCE…,,557.8K,8032,Mike Thabiso Mokwena ,Please release the visuals,2022-10-27
https://www.tiktok.com/@beyonce/video/7125644041206730027,beyonce,2022-7-29,RENAISSANCE…,,557.8K,8032,arianorvera ,Queen Bey 💖,2022-10-27
https://www.tiktok.com/@beyonce/video/7125644041206730027,beyonce,2022-7-29,RENAISSANCE…,,557.8K,8032,michaelreycabal60 ,💖💖💖💖💖,2022-10-27
https://www.tiktok.com/@beyonce/video/7125644041206730027,beyonce,2022-7-29,RENAISSANCE…,,557.8K,8032,lavender9623 ,💖💖💖💖,2022-10-27
https://www.tiktok.com/@beyonce/video/7125644041206730027,beyonce,2022-7-29,RENAISSANCE…,,557.8K,8032,jasmineashikiro ,queen,2022-10-27
https://www.tiktok.com/@beyonce/video/7125644041206730027,beyonce,2022-7-29,RENAISSANCE…,,557.8K,8032,jasmineashikiro ,💋💋💋💋💋,2022-10-27
https://www.tiktok.com/@beyonce/video/7125644041206730027,beyonce,2022-7-29,RENAISSANCE…,,557.8K,8032,Austin Runnels ,Who filmed me??,2022-10-27
https://www.tiktok.com/@beyonce/video/7125644041206730027,beyonce,2022-7-29,RENAISSANCE…,,557.8K,8032,kimpitts227 ,i love it 💓,2022-10-26
https://www.tiktok.com/@beyonce/video/7125644041206730027,beyonce,2022-7-29,RENAISSANCE…,,557.8K,8032,kinita ,WoW 👏👏👏👏👏👏,2022-10-26
https://www.tiktok.com/@beyonce/video/7125644041206730027,beyonce,2022-7-29,RENAISSANCE…,,557.8K,8032,music is the answer ,Fantastic 🥰,2022-10-22
https://www.tiktok.com/@beyonce/video/7125644041206730027,beyonce,2022-7-29,RENAISSANCE…,,557.8K,8032,Norma ,Sensational 👌👌👌🎭🎭🎭,2022-10-22
https://www.tiktok.com/@beyonce/video/7125644041206730027,beyonce,2022-7-29,RENAISSANCE…,,557.8K,8032,porsha ♡ ,AMAZING,2022-10-18
https://www.tiktok.com/@beyonce/video/7125644041206730027,beyonce,2022-7-29,RENAISSANCE…,,557.8K,8032,Ricky ,It's been almost 3 months literally what was the point of posting this?!!!!!,2022-10-18
https://www.tiktok.com/@beyonce/video/7125644041206730027,beyonce,2022-7-29,RENAISSANCE…,,557.8K,8032,Markandré ,BEST SONG IN THE ALBUM!!!,2022-10-18
https://www.tiktok.com/@beyonce/video/7125644041206730027,beyonce,2022-7-29,RENAISSANCE…,,557.8K,8032,Noam ,🥰🥰,2022-10-17
https://www.tiktok.com/@beyonce/video/7125644041206730027,beyonce,2022-7-29,RENAISSANCE…,,557.8K,8032,ANN ❤️ ,🥰🥰,2022-10-15
https://www.tiktok.com/@beyonce/video/7125644041206730027,beyonce,2022-7-29,RENAISSANCE…,,557.8K,8032,user5281692707350 ,Period😻😻,2022-10-15
https://www.tiktok.com/@beyonce/video/7125644041206730027,beyonce,2022-7-29,RENAISSANCE…,,557.8K,8032,WISH SABAHAN STYLE 🇲🇾 ,wow🥰🥰,2022-10-15
https://www.tiktok.com/@beyonce/video/7125644041206730027,beyonce,2022-7-29,RENAISSANCE…,,557.8K,8032,user6575848692726 ,FABULOUS QUEEN.,2022-10-15
https://www.tiktok.com/@beyonce/video/7125644041206730027,beyonce,2022-7-29,RENAISSANCE…,,557.8K,8032,arianorvera ,💖💖💖,2022-10-13
https://www.tiktok.com/@beyonce/video/7125644041206730027,beyonce,2022-7-29,RENAISSANCE…,,557.8K,8032,user6176819577298 ,the is everything are you kidding✔✔,2022-10-11
https://www.tiktok.com/@beyonce/video/7125644041206730027,beyonce,2022-7-29,RENAISSANCE…,,557.8K,8032,Habibi ,🥰🥰🥰🥰🥰🥰,2022-10-10
https://www.tiktok.com/@beyonce/video/7125644041206730027,beyonce,2022-7-29,RENAISSANCE…,,557.8K,8032,Simona👩🏻 ,QUEENN😍😍😍,2022-10-10
https://www.tiktok.com/@beyonce/video/7125644041206730027,beyonce,2022-7-29,RENAISSANCE…,,557.8K,8032,Christina M Burley ,You the baddie,2022-10-10
https://www.tiktok.com/@beyonce/video/7125644041206730027,beyonce,2022-7-29,RENAISSANCE…,,557.8K,8032,aldo ☆ﾟ.* ,RELEASE THIS NOW,2022-10-10
https://www.tiktok.com/@beyonce/video/7125644041206730027,beyonce,2022-7-29,RENAISSANCE…,,557.8K,8032,princess diana ,I pick you over Kim k any day heyyyyy queeennnnn 😳😳😳😳😳😳😳,2022-10-10
https://www.tiktok.com/@beyonce/video/7125644041206730027,beyonce,2022-7-29,RENAISSANCE…,,557.8K,8032,I am ,🥰,2022-10-9
https://www.tiktok.com/@beyonce/video/7125644041206730027,beyonce,2022-7-29,RENAISSANCE…,,557.8K,8032,anitaitsme26 ,pretty lady. your amazing 🥰,2022-10-7
https://www.tiktok.com/@beyonce/video/7125644041206730027,beyonce,2022-7-29,RENAISSANCE…,,557.8K,8032,M☆KA ,AYEEE,2022-10-7
https://www.tiktok.com/@beyonce/video/7125644041206730027,beyonce,2022-7-29,RENAISSANCE…,,557.8K,8032,Like…..? ,What the last song called?,2022-10-7
https://www.tiktok.com/@beyonce/video/7125644041206730027,beyonce,2022-7-29,RENAISSANCE…,,557.8K,8032,userzy070938h7 ,you devoured this album queen 😩😩😩😩😩,2022-10-7
https://www.tiktok.com/@beyonce/video/7125644041206730027,beyonce,2022-7-29,RENAISSANCE…,,557.8K,8032,JermaineGee ,🥰,2022-10-6
https://www.tiktok.com/@beyonce/video/7125644041206730027,beyonce,2022-7-29,RENAISSANCE…,,557.8K,8032,namik.bv ,wow 🥰,2022-10-5
https://www.tiktok.com/@beyonce/video/7125644041206730027,beyonce,2022-7-29,RENAISSANCE…,,557.8K,8032,celestial hours ,it’s been 2 months and no visuals maam…,2022-10-2
https://www.tiktok.com/@beyonce/video/7125644041206730027,beyonce,2022-7-29,RENAISSANCE…,,557.8K,8032,Ana✨ ,Queen 🙌🏾🔥,2022-10-2
https://www.tiktok.com/@beyonce/video/7125644041206730027,beyonce,2022-7-29,RENAISSANCE…,,557.8K,8032,KingBee👑🐝 ,Love bee 🥰,2022-10-2
https://www.tiktok.com/@beyonce/video/7125644041206730027,beyonce,2022-7-29,RENAISSANCE…,,557.8K,8032,IAMCINNAMON ,perseverance,2022-10-2
https://www.tiktok.com/@beyonce/video/7125644041206730027,beyonce,2022-7-29,RENAISSANCE…,,557.8K,8032,Shauna Plentybears ,I have this jacket!!! That’s it I’m Beyoncé for halloween😭😭😭😭,2022-10-1
https://www.tiktok.com/@beyonce/video/7125644041206730027,beyonce,2022-7-29,RENAISSANCE…,,557.8K,8032,scropicgirl ,Beyonce I love your songs,2022-10-1
https://www.tiktok.com/@beyonce/video/7125644041206730027,beyonce,2022-7-29,RENAISSANCE…,,557.8K,8032,kimpitts227 ,I love it 🥰,2022-9-30
https://www.tiktok.com/@beyonce/video/7125644041206730027,beyonce,2022-7-29,RENAISSANCE…,,557.8K,8032,MikeyyyyyBtyyyy ,Goddess ❤️‍🔥,2022-9-30
https://www.tiktok.com/@beyonce/video/7125644041206730027,beyonce,2022-7-29,RENAISSANCE…,,557.8K,8032,user3868736613513 ,You didn't know that Olivia cheated with Madi? @Davina,2022-9-30
https://www.tiktok.com/@beyonce/video/7125644041206730027,beyonce,2022-7-29,RENAISSANCE…,,557.8K,8032,Selim Eşol ,"beyonce poem you are like the sun that never goes out, you are an angel that never dies, you are like a talismanic candy, you are sweet.",2022-9-29
https://www.tiktok.com/@beyonce/video/7125644041206730027,beyonce,2022-7-29,RENAISSANCE…,,557.8K,8032,LA ,Love it Queen B 🐝,2022-9-29
https://www.tiktok.com/@beyonce/video/7125644041206730027,beyonce,2022-7-29,RENAISSANCE…,,557.8K,8032,Joe ,queennnn,2022-9-29
https://www.tiktok.com/@beyonce/video/7125644041206730027,beyonce,2022-7-29,RENAISSANCE…,,557.8K,8032,Susan_Albert ,amazing,2022-9-28
https://www.tiktok.com/@beyonce/video/7125644041206730027,beyonce,2022-7-29,RENAISSANCE…,,557.8K,8032,Selim Eşol ,"Where the sun is, the stars go out Beyonce 🥰",2022-9-28
https://www.tiktok.com/@beyonce/video/7125644041206730027,beyonce,2022-7-29,RENAISSANCE…,,557.8K,8032,Roseland Cabral ,🥰Queen,2022-9-28
https://www.tiktok.com/@beyonce/video/7125644041206730027,beyonce,2022-7-29,RENAISSANCE…,,557.8K,8032,@charli__x__charli ,💅🏼💅🏼Yesss Queen 👑,2022-9-26
https://www.tiktok.com/@beyonce/video/7125644041206730027,beyonce,2022-7-29,RENAISSANCE…,,557.8K,8032,TraceyTay ,what does renaissance even mean?,2022-9-25
https://www.tiktok.com/@beyonce/video/7125644041206730027,beyonce,2022-7-29,RENAISSANCE…,,557.8K,8032,lemzykay ,I can't wait for the music videos and performances🥰🥰,2022-9-25
https://www.tiktok.com/@beyonce/video/7125644041206730027,beyonce,2022-7-29,RENAISSANCE…,,557.8K,8032,Layla 🦋🇲🇦🇩🇪 ,🥰,2022-9-23
https://www.tiktok.com/@beyonce/video/7125644041206730027,beyonce,2022-7-29,RENAISSANCE…,,557.8K,8032,JannyJayz✅ ,My life🥰🥰🥰,2022-9-17
https://www.tiktok.com/@beyonce/video/7125644041206730027,beyonce,2022-7-29,RENAISSANCE…,,557.8K,8032,sarah ,sameeeee,2022-9-16
https://www.tiktok.com/@beyonce/video/7125644041206730027,beyonce,2022-7-29,RENAISSANCE…,,557.8K,8032,João Pedro ,GIRL??? THE VISUALS! WE WANT THEM NOW,2022-9-16
https://www.tiktok.com/@beyonce/video/7125644041206730027,beyonce,2022-7-29,RENAISSANCE…,,557.8K,8032,OFF  LINE🥺💔 ,plz promote🥰,2022-9-12
https://www.tiktok.com/@beyonce/video/7125644041206730027,beyonce,2022-7-29,RENAISSANCE…,,557.8K,8032,OFF  LINE🥺💔 ,plz promote 🥰,2022-9-12
https://www.tiktok.com/@beyonce/video/7125644041206730027,beyonce,2022-7-29,RENAISSANCE…,,557.8K,8032,priaslebew ,slay Queen b 🥰,2022-9-11
https://www.tiktok.com/@beyonce/video/7125644041206730027,beyonce,2022-7-29,RENAISSANCE…,,557.8K,8032,🔮MANDY AKA LUCA RED ,Yessss,2022-9-11
https://www.tiktok.com/@beyonce/video/7125644041206730027,beyonce,2022-7-29,RENAISSANCE…,,557.8K,8032,kulfi224 ,cool 👍,2022-9-8
https://www.tiktok.com/@beyonce/video/7125644041206730027,beyonce,2022-7-29,RENAISSANCE…,,557.8K,8032,Mrs_Honey75 ,Happy Birthday 🥰,2022-9-5
https://www.tiktok.com/@beyonce/video/7125644041206730027,beyonce,2022-7-29,RENAISSANCE…,,557.8K,8032,Joyce🥰🥰 ,Hi,2022-9-4
https://www.tiktok.com/@beyonce/video/7125644041206730027,beyonce,2022-7-29,RENAISSANCE…,,557.8K,8032,michaelreycabal60 ,Queen Bey 💖,2022-9-3
https://www.tiktok.com/@beyonce/video/7125644041206730027,beyonce,2022-7-29,RENAISSANCE…,,557.8K,8032,aprilchandler301 ,Omggg this album is EVERYTHING!!!,2022-8-21
https://www.tiktok.com/@beyonce/video/7125644041206730027,beyonce,2022-7-29,RENAISSANCE…,,557.8K,8032,olsan 🐝 ,"avisa que vai ter visual sim, mas quando VOCÊ quiser, amém",2022-7-29
https://www.tiktok.com/@beyonce/video/7125644041206730027,beyonce,2022-7-29,RENAISSANCE…,,557.8K,8032,beyoncé🐝 ,O ÁLBUM ESTÁ PERFEITO,2022-7-29
https://www.tiktok.com/@beyonce/video/7125644041206730027,beyonce,2022-7-29,RENAISSANCE…,,557.8K,8032,isiqueen_ ,NO DEJASTE NI LA GALAXIA💋,2022-7-29
https://www.tiktok.com/@beyonce/video/7125644041206730027,beyonce,2022-7-29,RENAISSANCE…,,557.8K,8032,Zazá ,BEYONCE OBRIGADA POR TUDO MAMI,2022-8-11
https://www.tiktok.com/@beyonce/video/7125644041206730027,beyonce,2022-7-29,RENAISSANCE…,,557.8K,8032,everson ,Gente não sei pra vocês mas pra mim a beyonce é mais perspicaz do que os outros ! A maior,2022-8-9
https://www.tiktok.com/@beyonce/video/7125644041206730027,beyonce,2022-7-29,RENAISSANCE…,,557.8K,8032,🕷 ,eu ainda estou sem acreditar,2022-7-29
https://www.tiktok.com/@beyonce/video/7125644041206730027,beyonce,2022-7-29,RENAISSANCE…,,557.8K,8032,anguesomo120 ,No sé si algún día podré recibir un saludo de beyonce 🤧🤧🥺,2022-8-18
https://www.tiktok.com/@beyonce/video/7125644041206730027,beyonce,2022-7-29,RENAISSANCE…,,557.8K,8032,Tanya ,J'aurai jamais cru dire ça mais je suis déçu de l'album de Bey. J'ai même pas pu tout écouté,2022-7-29
https://www.tiktok.com/@beyonce/video/7125644041206730027,beyonce,2022-7-29,RENAISSANCE…,,557.8K,8032,Marian ,VAMOS B DAME LOS VISUALES ✨,2022-7-29
https://www.tiktok.com/@beyonce/video/7125644041206730027,beyonce,2022-7-29,RENAISSANCE…,,557.8K,8032,La maison de poupée cosmetics ,LA LÉGENDE DE L’UNIVERS TOUT ENTIER 🐝,2022-7-29
https://www.tiktok.com/@beyonce/video/7125644041206730027,beyonce,2022-7-29,RENAISSANCE…,,557.8K,8032,Erick Angel ,Una artista Indiscutiblemente asombrosa,2022-7-29
https://www.tiktok.com/@beyonce/video/7125644041206730027,beyonce,2022-7-29,RENAISSANCE…,,557.8K,8032,Diren🧸 ,JE TREMBLE CARRÉMENT WSH. BEYONCE YOU’RE THE BEST SINGER ALIVE 🌟❤️,2022-7-29
https://www.tiktok.com/@beyonce/video/7125644041206730027,beyonce,2022-7-29,RENAISSANCE…,,557.8K,8032,Alexia Appolline g ,Cual es tu sonido favorito de beyonce ? 🥰,2022-8-21
https://www.tiktok.com/@beyonce/video/7125644041206730027,beyonce,2022-7-29,RENAISSANCE…,,557.8K,8032,Lyan 🌞 Fréquence haute ,J’ai commencé à écouter j’ai pas pu m’arrêter mon corps a bougé tout seul la vibe est trop bonne ⭐️⭐️⭐️⭐️⭐️,2022-7-29
https://www.tiktok.com/@beyonce/video/7125644041206730027,beyonce,2022-7-29,RENAISSANCE…,,557.8K,8032,sasa ,VOCÊ SEMPRE SERA ARTISTA,2022-7-29
https://www.tiktok.com/@beyonce/video/7125644041206730027,beyonce,2022-7-29,RENAISSANCE…,,557.8K,8032,Clara Rosal ,COMO QUE MSM DPS DE JÁ TER FEITO TUDO VC AINDA CONSEGUE FAZER ALGO TOTALME DIFERENTE??? 🤩🤩🤩🤩🤩🤩,2022-7-29
https://www.tiktok.com/@beyonce/video/7125644041206730027,beyonce,2022-7-29,RENAISSANCE…,,557.8K,8032,Beyoncé ,el nuevo álbum tendría que estar considerado como una de las 8 maravillas del mundo 😍,2022-7-29
https://www.tiktok.com/@beyonce/video/7125644041206730027,beyonce,2022-7-29,RENAISSANCE…,,557.8K,8032,Tina🫦 ,sư phụ của trúc Nhân đây sao 🥰,2022-8-1
https://www.tiktok.com/@beyonce/video/7125644041206730027,beyonce,2022-7-29,RENAISSANCE…,,557.8K,8032,Johnata ,mulher libera logooooooo,2022-7-29
https://www.tiktok.com/@beyonce/video/7125644041206730027,beyonce,2022-7-29,RENAISSANCE…,,557.8K,8032,devlin ,J’ai un pote qui a osé me dire qu’elle était plus d’actualité…,2022-8-23
https://www.tiktok.com/@beyonce/video/7125644041206730027,beyonce,2022-7-29,RENAISSANCE…,,557.8K,8032,Orlando Nascimento ,to muito renascida,2022-7-29
https://www.tiktok.com/@beyonce/video/7125644041206730027,beyonce,2022-7-29,RENAISSANCE…,,557.8K,8032,nicolly ,A PATROA,2022-7-29
https://www.tiktok.com/@beyonce/video/7125644041206730027,beyonce,2022-7-29,RENAISSANCE…,,557.8K,8032,Beyoncé ,EL ÁLBUM ES INCREÍBLE,2022-7-29
https://www.tiktok.com/@beyonce/video/7125644041206730027,beyonce,2022-7-29,RENAISSANCE…,,557.8K,8032,Beyoncé ,HACIENDO HISTORIA,2022-7-29
https://www.tiktok.com/@beyonce/video/7125644041206730027,beyonce,2022-7-29,RENAISSANCE…,,557.8K,8032,Beyhive_france ,Bon les français lâchez vos meilleurs commentaires là 🥰🐝🇫🇷,2022-7-29
https://www.tiktok.com/@beyonce/video/7125644041206730027,beyonce,2022-7-29,RENAISSANCE…,,557.8K,8032,Jordan Olympus ,L'album ❤️‍🔥💛 elle sait prendre des risques et faire pleins de choses on se lasse jamais j'adore,2022-7-29
https://www.tiktok.com/@beyonce/video/7125644041206730027,beyonce,2022-7-29,RENAISSANCE…,,557.8K,8032,Adrian Rivera ,Llegó mamá!,2022-8-17
https://www.tiktok.com/@beyonce/video/7125644041206730027,beyonce,2022-7-29,RENAISSANCE…,,557.8K,8032,CALLISTO ,"J’ai écouter cet album tellement de fois aujourd’hui 😍 Et il est meilleure à chaque écoute, chaque détails ! Queen 👑👑👑",2022-7-29
https://www.tiktok.com/@beyonce/video/7125644041206730027,beyonce,2022-7-29,RENAISSANCE…,,557.8K,8032,Raphael Say ,OUIIIIIIIII 🥰🥰🥰🥰,2022-7-29
https://www.tiktok.com/@beyonce/video/7125644041206730027,beyonce,2022-7-29,RENAISSANCE…,,557.8K,8032,Silas ,@s4my.hh kriege nicht genug,2022-8-10
https://www.tiktok.com/@beyonce/video/7125644041206730027,beyonce,2022-7-29,RENAISSANCE…,,557.8K,8032,Baptiste Devant ,L'album est tellement bon!!!! 🔥🔥,2022-7-29
https://www.tiktok.com/@beyonce/video/7125644041206730027,beyonce,2022-7-29,RENAISSANCE…,,557.8K,8032,I'm Leon ,Nói đi! mấy người bên phỏng vấn của Trúc Nhân qua giống tui đúng ko😂,2022-8-2
https://www.tiktok.com/@beyonce/video/7125644041206730027,beyonce,2022-7-29,RENAISSANCE…,,557.8K,8032,Dih R ,MOMMYY 🥺👽🤠🌹,2022-7-29
https://www.tiktok.com/@beyonce/video/7125644041206730027,beyonce,2022-7-29,RENAISSANCE…,,557.8K,8032,Évo Évo ,"Tjr son style avec de la nouveauté en plus, tjr en avance sur les tendances ! La meilleure !",2022-7-30
https://www.tiktok.com/@beyonce/video/7125644041206730027,beyonce,2022-7-29,RENAISSANCE…,,557.8K,8032,joaoao ,AOTY,2022-8-9
https://www.tiktok.com/@beyonce/video/7125644041206730027,beyonce,2022-7-29,RENAISSANCE…,,557.8K,8032,Swauce ,#SUMMERRENAISSANCE,2022-7-29
https://www.tiktok.com/@beyonce/video/7125644041206730027,beyonce,2022-7-29,RENAISSANCE…,,557.8K,8032,Louane 🪩 ,Je l’aime,2022-10-21
https://www.tiktok.com/@beyonce/video/7125644041206730027,beyonce,2022-7-29,RENAISSANCE…,,557.8K,8032,Layanne Cabral ,Vc é perfeita entenda,2022-8-9
https://www.tiktok.com/@beyonce/video/7125644041206730027,beyonce,2022-7-29,RENAISSANCE…,,557.8K,8032,MrCampbell ,Psssst ;),2-23
https://www.tiktok.com/@beyonce/video/7125644041206730027,beyonce,2022-7-29,RENAISSANCE…,,557.8K,8032,Mr.L.Osmankaj ,Unique,2022-9-18
https://www.tiktok.com/@beyonce/video/7125644041206730027,beyonce,2022-7-29,RENAISSANCE…,,557.8K,8032,Esther ,La meilleure,2022-10-1
https://www.tiktok.com/@beyonce/video/7125644041206730027,beyonce,2022-7-29,RENAISSANCE…,,557.8K,8032,elyzzekassa ,je me sens tellement libre avec cette chanson😇😊,3-2
https://www.tiktok.com/@beyonce/video/7125644041206730027,beyonce,2022-7-29,RENAISSANCE…,,557.8K,8032,Claudinho ,Quase 3 meses depois e ainda estamos aqui na espera dos visuais 🤣❤️🐝,2022-10-7
https://www.tiktok.com/@beyonce/video/7125644041206730027,beyonce,2022-7-29,RENAISSANCE…,,557.8K,8032,Λssen ,Weweweee allez écouter mon son la famille merci 🔥💪,2022-8-25
https://www.tiktok.com/@beyonce/video/7125644041206730027,beyonce,2022-7-29,RENAISSANCE…,,557.8K,8032,lechebernice ,🎊❣️,3d ago 
https://www.tiktok.com/@beyonce/video/7125644041206730027,beyonce,2022-7-29,RENAISSANCE…,,557.8K,8032,Eliza ,eternal admiration 🥰,5d ago 
https://www.tiktok.com/@beyonce/video/7125644041206730027,beyonce,2022-7-29,RENAISSANCE…,,557.8K,8032,Nassrollx ,🥰🥰🥰🥰,6-12
https://www.tiktok.com/@beyonce/video/7125644041206730027,beyonce,2022-7-29,RENAISSANCE…,,557.8K,8032,Alice✝️✝️✝️ ,Renaissance du mauvais sens j’imagine 😕,6-9
https://www.tiktok.com/@beyonce/video/7125644041206730027,beyonce,2022-7-29,RENAISSANCE…,,557.8K,8032,duda ♏️ ,amoo,5-18
https://www.tiktok.com/@beyonce/video/7125644041206730027,beyonce,2022-7-29,RENAISSANCE…,,557.8K,8032,Felipe Alcantara ,MÃEEEE,5-13
https://www.tiktok.com/@beyonce/video/7125644041206730027,beyonce,2022-7-29,RENAISSANCE…,,557.8K,8032,pablomunoz119 ,por eso la valorización es tan importante porque tú puedes construir y puede destruir tumba algo y hace algo nuevo,5-9
https://www.tiktok.com/@beyonce/video/7125644041206730027,beyonce,2022-7-29,RENAISSANCE…,,557.8K,8032,pablomunoz119 ,cuando la mente dice estas cosas es porque la puede hacer puede desvalorar como que puede valorar,5-9
https://www.tiktok.com/@beyonce/video/7125644041206730027,beyonce,2022-7-29,RENAISSANCE…,,557.8K,8032,pablomunoz119 ,yo puedo decir con mi mente vivir contigo 30 años también puedo decir con mi mente hace 30 días que viví contigo hace una hora que te conocí,5-9
https://www.tiktok.com/@beyonce/video/7125644041206730027,beyonce,2022-7-29,RENAISSANCE…,,557.8K,8032,pablomunoz119 ,una mente creativa no existe pasado solo existe un presente la mente creativa sabe que he pasado solo va a lastimar,5-9
https://www.tiktok.com/@beyonce/video/7125644041206730027,beyonce,2022-7-29,RENAISSANCE…,,557.8K,8032,pablomunoz119 ,solo en ese lugar vas a encontrar todo lo que necesita tu vida,5-9
https://www.tiktok.com/@beyonce/video/7125644041206730027,beyonce,2022-7-29,RENAISSANCE…,,557.8K,8032,pablomunoz119 ,cuando quieras cambiar las cosas de tu vida tienes que cambiarla en tu mente en ese lugar es donde único tú puedes cambiar todas las cosas en ese luga,5-9
https://www.tiktok.com/@beyonce/video/7125644041206730027,beyonce,2022-7-29,RENAISSANCE…,,557.8K,8032,Dani Gonçalves ,adoro 🥰,5-8
https://www.tiktok.com/@beyonce/video/7125644041206730027,beyonce,2022-7-29,RENAISSANCE…,,557.8K,8032,TALİŞ_GUVENLİK ,🥰,5-1
https://www.tiktok.com/@beyonce/video/7125644041206730027,beyonce,2022-7-29,RENAISSANCE…,,557.8K,8032,K.I.L. ,MJ. BEy,4-14
https://www.tiktok.com/@beyonce/video/7125644041206730027,beyonce,2022-7-29,RENAISSANCE…,,557.8K,8032,Bruh Bohrer ,Amooooooo,4-14
https://www.tiktok.com/@beyonce/video/7125644041206730027,beyonce,2022-7-29,RENAISSANCE…,,557.8K,8032,sal ,@angiskw se parece a black dahila,4-4
https://www.tiktok.com/@beyonce/video/7125644041206730027,beyonce,2022-7-29,RENAISSANCE…,,557.8K,8032,Duda✨️ ,🥰🥰🥰,4-2
https://www.tiktok.com/@beyonce/video/7125644041206730027,beyonce,2022-7-29,RENAISSANCE…,,557.8K,8032,Duda✨️ ,🥰,4-2
https://www.tiktok.com/@beyonce/video/7125644041206730027,beyonce,2022-7-29,RENAISSANCE…,,557.8K,8032,Missaway83 ,Area 51,3-31
https://www.tiktok.com/@beyonce/video/7125644041206730027,beyonce,2022-7-29,RENAISSANCE…,,557.8K,8032,insaturável ,Deuaaaaa,3-15
https://www.tiktok.com/@beyonce/video/7125644041206730027,beyonce,2022-7-29,RENAISSANCE…,,557.8K,8032,nadinho ,❤❤❤,3-11
https://www.tiktok.com/@beyonce/video/7125644041206730027,beyonce,2022-7-29,RENAISSANCE…,,557.8K,8032,insaturável ,🥰,3-7
https://www.tiktok.com/@beyonce/video/7125644041206730027,beyonce,2022-7-29,RENAISSANCE…,,557.8K,8032,Jaesmin1031 ,🥺,3-3
https://www.tiktok.com/@beyonce/video/7125644041206730027,beyonce,2022-7-29,RENAISSANCE…,,557.8K,8032,❤️akawaygun❤️ ,kesfet,3-3
https://www.tiktok.com/@beyonce/video/7125644041206730027,beyonce,2022-7-29,RENAISSANCE…,,557.8K,8032,Nwabisa 2017 ,wobaleka,2-24
https://www.tiktok.com/@beyonce/video/7125644041206730027,beyonce,2022-7-29,RENAISSANCE…,,557.8K,8032,𝔻𝕒𝕧𝕚𝕕ℙ𝕦𝕞𝕡𝟙𝟠𝟠𝟟 ,🥰,2-8
https://www.tiktok.com/@beyonce/video/7125644041206730027,beyonce,2022-7-29,RENAISSANCE…,,557.8K,8032,Jessica Lima ,WOMAN for the love of God come to Brazil,2-1
https://www.tiktok.com/@beyonce/video/7125644041206730027,beyonce,2022-7-29,RENAISSANCE…,,557.8K,8032,Abitto30 ,🥰😍,1-27
https://www.tiktok.com/@beyonce/video/7125644041206730027,beyonce,2022-7-29,RENAISSANCE…,,557.8K,8032,Keur🖤 ,🥰🥰🥰🥰🥰,1-22
https://www.tiktok.com/@beyonce/video/7125644041206730027,beyonce,2022-7-29,RENAISSANCE…,,557.8K,8032,Apple User372724300 ,Ehwrh yund ist ein yw mit der Firma und der Stadt und die sind auch schon mal mit dem Bus und ich habe es auch schon mal mit dir zu tun und ich e und,1-22
https://www.tiktok.com/@beyonce/video/7125644041206730027,beyonce,2022-7-29,RENAISSANCE…,,557.8K,8032,Guilherme Fontoura ,❤️,1-21
https://www.tiktok.com/@beyonce/video/7125644041206730027,beyonce,2022-7-29,RENAISSANCE…,,557.8K,8032,Kaynã Nascimento ,até hj kkkkkkkkkkkkkkkk,1-21
https://www.tiktok.com/@beyonce/video/7125644041206730027,beyonce,2022-7-29,RENAISSANCE…,,557.8K,8032,Sosol ⛅ ,BEYONCÉ VOCÊ É PERFEITA,2022-12-19
https://www.tiktok.com/@beyonce/video/7125644041206730027,beyonce,2022-7-29,RENAISSANCE…,,557.8K,8032,ricardomanoel_0 ,🥺,2022-12-19
https://www.tiktok.com/@beyonce/video/7125644041206730027,beyonce,2022-7-29,RENAISSANCE…,,557.8K,8032,kai ,MULHER POR FAVOR LIBERA,2022-12-18
https://www.tiktok.com/@beyonce/video/7125644041206730027,beyonce,2022-7-29,RENAISSANCE…,,557.8K,8032,evandeson ,cadê a foto do perfil mulher???? vai anunciar nova coleção da IVy park?,2022-12-18
https://www.tiktok.com/@beyonce/video/7125644041206730027,beyonce,2022-7-29,RENAISSANCE…,,557.8K,8032,João Henrique ,"É hoje, amor?",2022-12-18
https://www.tiktok.com/@beyonce/video/7125644041206730027,beyonce,2022-7-29,RENAISSANCE…,,557.8K,8032,madina.huseyn ,😁😁😁😁,2022-12-17
https://www.tiktok.com/@beyonce/video/7125644041206730027,beyonce,2022-7-29,RENAISSANCE…,,557.8K,8032,Michael Thelles ,🥺,2022-12-9
https://www.tiktok.com/@beyonce/video/7125644041206730027,beyonce,2022-7-29,RENAISSANCE…,,557.8K,8032,Early Ross ,ovahh ‼️💅🏾❤️,2022-12-5
https://www.tiktok.com/@beyonce/video/7125644041206730027,beyonce,2022-7-29,RENAISSANCE…,,557.8K,8032,beylife4u ,"B your favorite song of Renaissance is Pure, i fell it",2022-12-3
https://www.tiktok.com/@beyonce/video/7125644041206730027,beyonce,2022-7-29,RENAISSANCE…,,557.8K,8032,yveskra996 ,@😂,2022-11-11
https://www.tiktok.com/@beyonce/video/7125644041206730027,beyonce,2022-7-29,RENAISSANCE…,,557.8K,8032,Jan_fan_of_you ,👌🥰,2022-11-10
https://www.tiktok.com/@beyonce/video/7125644041206730027,beyonce,2022-7-29,RENAISSANCE…,,557.8K,8032,Mel Damasceno ,Look at Brazil!! SOS BRAZIL 🇧🇷🇧🇷🇧🇷,2022-11-7
https://www.tiktok.com/@beyonce/video/7125644041206730027,beyonce,2022-7-29,RENAISSANCE…,,557.8K,8032,Mel Damasceno ,Look at Brazil!! SOS BRAZIL 🇧🇷🇧🇷🇧🇷🇧🇷,2022-11-7
https://www.tiktok.com/@beyonce/video/7125644041206730027,beyonce,2022-7-29,RENAISSANCE…,,557.8K,8032,damianmorawiec423 ,😁,2022-11-5
https://www.tiktok.com/@beyonce/video/7125644041206730027,beyonce,2022-7-29,RENAISSANCE…,,557.8K,8032,D jay Lovinson@ ,the same dia,2022-11-5
https://www.tiktok.com/@beyonce/video/7125644041206730027,beyonce,2022-7-29,RENAISSANCE…,,557.8K,8032,Branca Mputu ,😂😂😂😂,2022-11-2
https://www.tiktok.com/@beyonce/video/7125644041206730027,beyonce,2022-7-29,RENAISSANCE…,,557.8K,8032,aidapauladeolivei ,🥰,2022-10-23
https://www.tiktok.com/@beyonce/video/7125644041206730027,beyonce,2022-7-29,RENAISSANCE…,,557.8K,8032,Kaka Alves ,🥰🥰🥰,2022-10-11
https://www.tiktok.com/@beyonce/video/7125644041206730027,beyonce,2022-7-29,RENAISSANCE…,,557.8K,8032,Sara Ribeiro ,Tô ansiosa,2022-10-10
https://www.tiktok.com/@beyonce/video/7125644041206730027,beyonce,2022-7-29,RENAISSANCE…,,557.8K,8032,Fernanda Lellis ,Perfeita,2022-10-10
https://www.tiktok.com/@beyonce/video/7125644041206730027,beyonce,2022-7-29,RENAISSANCE…,,557.8K,8032,honuaandresss ,🕹️,2022-10-9
https://www.tiktok.com/@beyonce/video/7125644041206730027,beyonce,2022-7-29,RENAISSANCE…,,557.8K,8032,Raquelene Melo ,queem 🥰🥰🥰🥰,2022-9-30
https://www.tiktok.com/@beyonce/video/7125644041206730027,beyonce,2022-7-29,RENAISSANCE…,,557.8K,8032,Pash Michelle ,🥰Hollaaaaa🥰,2022-9-29
https://www.tiktok.com/@beyonce/video/7125644041206730027,beyonce,2022-7-29,RENAISSANCE…,,557.8K,8032,Marta Santana ,🥰🥰,2022-9-28
https://www.tiktok.com/@beyonce/video/7125644041206730027,beyonce,2022-7-29,RENAISSANCE…,,557.8K,8032,user7710714990979 ,Jay,2022-9-28
https://www.tiktok.com/@beyonce/video/7125644041206730027,beyonce,2022-7-29,RENAISSANCE…,,557.8K,8032,Genesis Miranda ,🥰está belleza de mujer es increíble 🤩,2022-9-27
https://www.tiktok.com/@beyonce/video/7125644041206730027,beyonce,2022-7-29,RENAISSANCE…,,557.8K,8032,Azou ,Ma starrr oui 🥳🥳🥳,2022-9-26
https://www.tiktok.com/@beyonce/video/7125644041206730027,beyonce,2022-7-29,RENAISSANCE…,,557.8K,8032,QueenB ,🥰🥰🥰🥰,2022-9-25
https://www.tiktok.com/@beyonce/video/7125644041206730027,beyonce,2022-7-29,RENAISSANCE…,,557.8K,8032,@iza martins ,top,2022-9-20
https://www.tiktok.com/@beyonce/video/7125644041206730027,beyonce,2022-7-29,RENAISSANCE…,,557.8K,8032,Enio ,J'ai commencé à écouter j'ai pas pu j'ai arrêté.....,2022-9-20
https://www.tiktok.com/@beyonce/video/7125644041206730027,beyonce,2022-7-29,RENAISSANCE…,,557.8K,8032,ALICE_GIO_RAF ,muito linda 👏👏👏👏👏👏👏👏❤,2022-9-19
https://www.tiktok.com/@beyonce/video/7125644041206730027,beyonce,2022-7-29,RENAISSANCE…,,557.8K,8032,julio ,vale 😳👍 no iiii77 tu 🥰 tatuaje mvc,2022-9-3
https://www.tiktok.com/@beyonce/video/7125644041206730027,beyonce,2022-7-29,RENAISSANCE…,,557.8K,8032,Nivia Araujo ,Amu,2022-8-30
https://www.tiktok.com/@beyonce/video/7125644041206730027,beyonce,2022-7-29,RENAISSANCE…,,557.8K,8032,TeaWhiskeywithSunshine ,Yaaaaaaaaaaas!!!!!,2022-8-23
https://www.tiktok.com/@beyonce/video/7125644041206730027,beyonce,2022-7-29,RENAISSANCE…,,557.8K,8032,Altair Borba ,amo,2022-8-22
https://www.tiktok.com/@beyonce/video/7125644041206730027,beyonce,2022-7-29,RENAISSANCE…,,557.8K,8032,♍ ,amo,2022-8-22
https://www.tiktok.com/@beyonce/video/7125644041206730027,beyonce,2022-7-29,RENAISSANCE…,,557.8K,8032,ID Black Kelly1 ,follow me back thanks,4-13
https://www.tiktok.com/@beyonce/video/7125644041206730027,beyonce,2022-7-29,RENAISSANCE…,,557.8K,8032,آسر آل عامر ,Please take care of my account 🥺🥺🥺🥺🥺🥺,3-18
https://www.tiktok.com/@beyonce/video/7125644041206730027,beyonce,2022-7-29,RENAISSANCE…,,557.8K,8032,😘 ,I know you enjoy the fame .. but it’s not worth your soul . Imagine if you put out some Christian music.. you could make a difference with God in you,1-13
https://www.tiktok.com/@beyonce/video/7125644041206730027,beyonce,2022-7-29,RENAISSANCE…,,557.8K,8032,ashlynne. 29 ,literally the devil 😳,2022-12-6
https://www.tiktok.com/@beyonce/video/7125644041206730027,beyonce,2022-7-29,RENAISSANCE…,,557.8K,8032,princess ,We’re ready babe❤️,2022-10-2
https://www.tiktok.com/@beyonce/video/7125644041206730027,beyonce,2022-7-29,RENAISSANCE…,,557.8K,8032,her 💗💗 ,Does the queen respond,6-9
https://www.tiktok.com/@beyonce/video/7125644041206730027,beyonce,2022-7-29,RENAISSANCE…,,557.8K,8032,Lani❤️♏️🤞🏾🔐 ,QUEEN B I alive u I’ve been singing your music since I was a baby,6-9
https://www.tiktok.com/@beyonce/video/7125644041206730027,beyonce,2022-7-29,RENAISSANCE…,,557.8K,8032,💍TERR🩷 bills wife❤️ ,QUEEN B,4-27
https://www.tiktok.com/@beyonce/video/7125644041206730027,beyonce,2022-7-29,RENAISSANCE…,,557.8K,8032,Gabby ☀️🍉 ,QUEEENNNN,3-14
https://www.tiktok.com/@beyonce/video/7125644041206730027,beyonce,2022-7-29,RENAISSANCE…,,557.8K,8032,🦋Cute_face🦋 ,period,3-3
https://www.tiktok.com/@beyonce/video/7125644041206730027,beyonce,2022-7-29,RENAISSANCE…,,557.8K,8032,✨❤️DD4LLOVER❤️✨ ,I love ur song freedom I love it sm I sing to it all the time,2-12
https://www.tiktok.com/@beyonce/video/7125644041206730027,beyonce,2022-7-29,RENAISSANCE…,,557.8K,8032,♡VOiD♡ ,SLAY IT,1-24
https://www.tiktok.com/@beyonce/video/7125644041206730027,beyonce,2022-7-29,RENAISSANCE…,,557.8K,8032,𝐿𝑖𝑎 ,She’s a god she’s a hero I love it,2022-12-22
https://www.tiktok.com/@beyonce/video/7125644041206730027,beyonce,2022-7-29,RENAISSANCE…,,557.8K,8032,kkkkkkkkkkkm ,she don't look the same like last year in 2020 but yeah😳😳😳,2022-12-19
https://www.tiktok.com/@beyonce/video/7125644041206730027,beyonce,2022-7-29,RENAISSANCE…,,557.8K,8032,💋savivi💋 ,@jalaiyabart_,2022-12-13
https://www.tiktok.com/@beyonce/video/7125644041206730027,beyonce,2022-7-29,RENAISSANCE…,,557.8K,8032,toughflowers3 ,"Damn, I wish my baby weight would've stayed on me like Bey! She looks amazing, serving Jessica Rabbit's body!",2022-10-28
https://www.tiktok.com/@beyonce/video/7125644041206730027,beyonce,2022-7-29,RENAISSANCE…,,557.8K,8032,Word to my muva ,Y’all renaissance means rebirth 😂😂,2022-10-10
https://www.tiktok.com/@beyonce/video/7125644041206730027,beyonce,2022-7-29,RENAISSANCE…,,557.8K,8032,your mom lol ,SLAYYYY QUEEN!!!,2022-10-1
https://www.tiktok.com/@beyonce/video/7125644041206730027,beyonce,2022-7-29,RENAISSANCE…,,557.8K,8032,Kam 🫶🏾 ,W song,2022-9-20
https://www.tiktok.com/@beyonce/video/7125644041206730027,beyonce,2022-7-29,RENAISSANCE…,,557.8K,8032,🤭 ,my mom keeps listening to these damn songs but i’m not complaining,2022-9-4
https://www.tiktok.com/@beyonce/video/7125644041206730027,beyonce,2022-7-29,RENAISSANCE…,,557.8K,8032,🤍 ,ее песни легенды🙆🏽‍♀️,2d ago 
https://www.tiktok.com/@beyonce/video/7125644041206730027,beyonce,2022-7-29,RENAISSANCE…,,557.8K,8032,Impeachy Lovley Jigg ,🥰,2d ago 
https://www.tiktok.com/@beyonce/video/7125644041206730027,beyonce,2022-7-29,RENAISSANCE…,,557.8K,8032,kscloud1105 ,🔥🔥🔥🔥🔥,3d ago 
https://www.tiktok.com/@beyonce/video/7125644041206730027,beyonce,2022-7-29,RENAISSANCE…,,557.8K,8032,M Z ,queeeennnnnnn,5-14
https://www.tiktok.com/@beyonce/video/7125644041206730027,beyonce,2022-7-29,RENAISSANCE…,,557.8K,8032,lasonyadunbar3 ,@Curt Gatson @😇😅,5-8
https://www.tiktok.com/@beyonce/video/7125644041206730027,beyonce,2022-7-29,RENAISSANCE…,,557.8K,8032,pussiwyllows ,motherrrrrrrrrrr,3-29
https://www.tiktok.com/@beyonce/video/7125644041206730027,beyonce,2022-7-29,RENAISSANCE…,,557.8K,8032,user8008219047529 ,❤️❤️❤️❤️❤️❤️❤️❤️,3-28
https://www.tiktok.com/@beyonce/video/7125644041206730027,beyonce,2022-7-29,RENAISSANCE…,,557.8K,8032,Gs ,❤️❤️❤️,2-18
https://www.tiktok.com/@beyonce/video/7125644041206730027,beyonce,2022-7-29,RENAISSANCE…,,557.8K,8032,shamikarenea_s ,❤️❤️,2-4
https://www.tiktok.com/@beyonce/video/7125644041206730027,beyonce,2022-7-29,RENAISSANCE…,,557.8K,8032,SleepingAngel🦋 ,🥰🥰🥰🥰🥰,1-23
https://www.tiktok.com/@beyonce/video/7125644041206730027,beyonce,2022-7-29,RENAISSANCE…,,557.8K,8032,Meko ,🥰🥰🥰,1-19
https://www.tiktok.com/@beyonce/video/7125644041206730027,beyonce,2022-7-29,RENAISSANCE…,,557.8K,8032,Norma Ambus ,🥰🥰🥰,2022-12-29
https://www.tiktok.com/@beyonce/video/7125644041206730027,beyonce,2022-7-29,RENAISSANCE…,,557.8K,8032,raplelbizt2 ,🥰🥰🥰🥰🥰,2022-12-27
https://www.tiktok.com/@beyonce/video/7125644041206730027,beyonce,2022-7-29,RENAISSANCE…,,557.8K,8032,Beyonce reco brown ,😂😂😁,2022-12-27
https://www.tiktok.com/@beyonce/video/7125644041206730027,beyonce,2022-7-29,RENAISSANCE…,,557.8K,8032,Govvana Bernal ,@haileybieber,2022-12-18
https://www.tiktok.com/@beyonce/video/7125644041206730027,beyonce,2022-7-29,RENAISSANCE…,,557.8K,8032,jnettamarie3 ,🐝 🐝 🐝,2022-12-12
https://www.tiktok.com/@beyonce/video/7125644041206730027,beyonce,2022-7-29,RENAISSANCE…,,557.8K,8032,Quoiaa_aaa ,🥰🥰🥰🥰,2022-11-17
https://www.tiktok.com/@beyonce/video/7125644041206730027,beyonce,2022-7-29,RENAISSANCE…,,557.8K,8032,user7196751305496 ,♥️♥️♥️♥️♥️♥️♥️♥️♥️♥️♥️♥️♥️♥️♥️,2022-11-11
https://www.tiktok.com/@beyonce/video/7125644041206730027,beyonce,2022-7-29,RENAISSANCE…,,557.8K,8032,chocolate dream ,🥰🥰,2022-11-1
https://www.tiktok.com/@beyonce/video/7125644041206730027,beyonce,2022-7-29,RENAISSANCE…,,557.8K,8032,Yolanda ,🥰🥰🥰🥰,2022-10-16
https://www.tiktok.com/@beyonce/video/7125644041206730027,beyonce,2022-7-29,RENAISSANCE…,,557.8K,8032,Meg🤍 ,😍,2022-10-10
https://www.tiktok.com/@beyonce/video/7125644041206730027,beyonce,2022-7-29,RENAISSANCE…,,557.8K,8032,user4461367328523 ,😳,2022-10-9
https://www.tiktok.com/@beyonce/video/7125644041206730027,beyonce,2022-7-29,RENAISSANCE…,,557.8K,8032,𝓶𝓮𝒍 🌹 ,♍️,2022-10-7
https://www.tiktok.com/@beyonce/video/7125644041206730027,beyonce,2022-7-29,RENAISSANCE…,,557.8K,8032,Omiri Thomas ,🔥🔥🔥🔥🔥🔥🔥🔥,2022-10-2
https://www.tiktok.com/@beyonce/video/7125644041206730027,beyonce,2022-7-29,RENAISSANCE…,,557.8K,8032,Luis Mojica Gonzalez ,☺️,2022-9-30
https://www.tiktok.com/@beyonce/video/7125644041206730027,beyonce,2022-7-29,RENAISSANCE…,,557.8K,8032,Billie Eilish ,🥰,2022-9-30
https://www.tiktok.com/@beyonce/video/7125644041206730027,beyonce,2022-7-29,RENAISSANCE…,,557.8K,8032,SoobHours ,@THE BOYZ,2022-9-30
https://www.tiktok.com/@beyonce/video/7125644041206730027,beyonce,2022-7-29,RENAISSANCE…,,557.8K,8032,Tiffany ,🥰🥰🥰🥰,2022-9-27
https://www.tiktok.com/@beyonce/video/7125644041206730027,beyonce,2022-7-29,RENAISSANCE…,,557.8K,8032,QueenPrecious Barnes ,🥰🥰🥰,2022-9-25
https://www.tiktok.com/@beyonce/video/7125644041206730027,beyonce,2022-7-29,RENAISSANCE…,,557.8K,8032,Tiffany ,🥰🥰🥰🥰,2022-9-23
https://www.tiktok.com/@beyonce/video/7125644041206730027,beyonce,2022-7-29,RENAISSANCE…,,557.8K,8032,AHBENA ♥️🔥 ,🥰🥰,2022-9-11
https://www.tiktok.com/@beyonce/video/7125644041206730027,beyonce,2022-7-29,RENAISSANCE…,,557.8K,8032,drbosss_ ,🥰,2022-9-8
https://www.tiktok.com/@beyonce/video/7125644041206730027,beyonce,2022-7-29,RENAISSANCE…,,557.8K,8032,best frand ,💚💚💚,2022-9-6
https://www.tiktok.com/@beyonce/video/7125644041206730027,beyonce,2022-7-29,RENAISSANCE…,,557.8K,8032,user4081781855572 ,❤🔥✌👑,2022-9-5
https://www.tiktok.com/@beyonce/video/7125644041206730027,beyonce,2022-7-29,RENAISSANCE…,,557.8K,8032,precious ,❤❤❤,2022-9-5
https://www.tiktok.com/@beyonce/video/7125644041206730027,beyonce,2022-7-29,RENAISSANCE…,,557.8K,8032,Evie ,HHHEEELLLOO,3-19
https://www.tiktok.com/@beyonce/video/7125644041206730027,beyonce,2022-7-29,RENAISSANCE…,,557.8K,8032,🥰🥰🥰💃🤩☺️☺️ ,🥰🥰🥰,2022-11-12
https://www.tiktok.com/@beyonce/video/7125644041206730027,beyonce,2022-7-29,RENAISSANCE…,,557.8K,8032,bren ,@getgooder_,2022-10-10
https://www.tiktok.com/@beyonce/video/7125644041206730027,beyonce,2022-7-29,RENAISSANCE…,,557.8K,8032,Macarena Haddad Guzmán ,whennnn????????????? plissss mama,2022-10-7
https://www.tiktok.com/@beyonce/video/7125644041206730027,beyonce,2022-7-29,RENAISSANCE…,,557.8K,8032,MilleryFlore ,🥰🥰🥰,2022-9-18
https://www.tiktok.com/@beyonce/video/7125644041206730027,beyonce,2022-7-29,RENAISSANCE…,,557.8K,8032,Mr.L.Osmankaj ,😎,2022-9-18
https://www.tiktok.com/@beyonce/video/7125644041206730027,beyonce,2022-7-29,RENAISSANCE…,,557.8K,8032,Zio Pilù magic ,🥰🥰🥰,2022-9-15
https://www.tiktok.com/@beyonce/video/7125644041206730027,beyonce,2022-7-29,RENAISSANCE…,,557.8K,8032,benz ,THIS ALBUM IS 10SSS ACROSS THE BOARD.,2022-7-29
https://www.tiktok.com/@beyonce/video/7125644041206730027,beyonce,2022-7-29,RENAISSANCE…,,557.8K,8032,mitskis losing dogs ,beyonce this isnt funny,4-5
https://www.tiktok.com/@beyonce/video/7125644041206730027,beyonce,2022-7-29,RENAISSANCE…,,557.8K,8032,roncovington110 ,lmao LMAO lmao 😂,2-14
https://www.tiktok.com/@beyonce/video/7125644041206730027,beyonce,2022-7-29,RENAISSANCE…,,557.8K,8032,albertoutspoken ,Ok,2-7
https://www.tiktok.com/@beyonce/video/7125644041206730027,beyonce,2022-7-29,RENAISSANCE…,,557.8K,8032,QueenofParis ,OMG 😱,1-10
https://www.tiktok.com/@beyonce/video/7125644041206730027,beyonce,2022-7-29,RENAISSANCE…,,557.8K,8032,@breakingthesilence0002 ,Punk Rock was the best music for me. I suggest you to listen on this. Ramones and Green Day are the best Punk bands you should listen to.,1-4
https://www.tiktok.com/@beyonce/video/7125644041206730027,beyonce,2022-7-29,RENAISSANCE…,,557.8K,8032,Bledi ,Nice🥰,2022-12-29
https://www.tiktok.com/@beyonce/video/7125644041206730027,beyonce,2022-7-29,RENAISSANCE…,,557.8K,8032,Oboy ,follow me dear,2022-11-5
https://www.tiktok.com/@beyonce/video/7125644041206730027,beyonce,2022-7-29,RENAISSANCE…,,557.8K,8032,clarkyrivera ,WHEN,2022-10-27
https://www.tiktok.com/@beyonce/video/7125644041206730027,beyonce,2022-7-29,RENAISSANCE…,,557.8K,8032,Toktok ,💖💖💖,2022-10-6
https://www.tiktok.com/@beyonce/video/7125644041206730027,beyonce,2022-7-29,RENAISSANCE…,,557.8K,8032,Toktok ,Queen Bey 💖,2022-10-5
https://www.tiktok.com/@beyonce/video/7125644041206730027,beyonce,2022-7-29,RENAISSANCE…,,557.8K,8032,Idosay_World ,follow me🥰,2022-9-24
https://www.tiktok.com/@beyonce/video/7125644041206730027,beyonce,2022-7-29,RENAISSANCE…,,557.8K,8032,mia ,@ParisHilton,1-6
https://www.tiktok.com/@beyonce/video/7125644041206730027,beyonce,2022-7-29,RENAISSANCE…,,557.8K,8032,Tray ,im sat,2022-7-29
https://www.tiktok.com/@beyonce/video/7125644041206730027,beyonce,2022-7-29,RENAISSANCE…,,557.8K,8032,Rozy ,Omg!!!!!!!,2022-7-29
https://www.tiktok.com/@beyonce/video/7125644041206730027,beyonce,2022-7-29,RENAISSANCE…,,557.8K,8032,Cash App ,called out sick friday,2022-7-30
https://www.tiktok.com/@beyonce/video/7125644041206730027,beyonce,2022-7-29,RENAISSANCE…,,557.8K,8032,Sammy ,The fact that I can’t go to the tour makes me wanna die😭,6-1
https://www.tiktok.com/@beyonce/video/7125644041206730027,beyonce,2022-7-29,RENAISSANCE…,,557.8K,8032,🌟🌟. ,Gg,5-30
https://www.tiktok.com/@beyonce/video/7125644041206730027,beyonce,2022-7-29,RENAISSANCE…,,557.8K,8032,Elise D’Orazio ,🖼️🐝 🖼️🐝 🖼️🐝,5-25
https://www.tiktok.com/@beyonce/video/7125644041206730027,beyonce,2022-7-29,RENAISSANCE…,,557.8K,8032,zoutyy_live_style ,@✨️,4-19
https://www.tiktok.com/@beyonce/video/7125644041206730027,beyonce,2022-7-29,RENAISSANCE…,,557.8K,8032,jdmidas ,Hey if you like reading then you’d love Imitation of ART by Eve Moss 🌶️🌶️🌶️🌶️🌶️,4-17
https://www.tiktok.com/@beyonce/video/7125644041206730027,beyonce,2022-7-29,RENAISSANCE…,,557.8K,8032,Greatbillionaire ,hi,4-15
https://www.tiktok.com/@beyonce/video/7125644041206730027,beyonce,2022-7-29,RENAISSANCE…,,557.8K,8032,Esther Toppin ,🥰🥰🥰🥰🥰🥰🥰,3-26
https://www.tiktok.com/@beyonce/video/7125644041206730027,beyonce,2022-7-29,RENAISSANCE…,,557.8K,8032,danielle 🫶🏾 ,Bring me back,3-11
https://www.tiktok.com/@beyonce/video/7125644041206730027,beyonce,2022-7-29,RENAISSANCE…,,557.8K,8032,𝔫𝔠♰ ,Ma’am where the visuals @,2-18
https://www.tiktok.com/@beyonce/video/7125644041206730027,beyonce,2022-7-29,RENAISSANCE…,,557.8K,8032,Luke ,🥰🥰🥰🥰🥰🥰🥰,2-15
https://www.tiktok.com/@beyonce/video/7125644041206730027,beyonce,2022-7-29,RENAISSANCE…,,557.8K,8032,Nathaniel Kempe ,"Alright so.. where are the visuals, mother? 🧐",2-12
https://www.tiktok.com/@beyonce/video/7125644041206730027,beyonce,2022-7-29,RENAISSANCE…,,557.8K,8032,Eunice PB2022 ,🥰🥰🥰🥰🥰🥰🥰,2-7
https://www.tiktok.com/@beyonce/video/7125644041206730027,beyonce,2022-7-29,RENAISSANCE…,,557.8K,8032,love_daisym ,@Mary-Jane @nikitha AHHHHHH,2-6
https://www.tiktok.com/@beyonce/video/7125644041206730027,beyonce,2022-7-29,RENAISSANCE…,,557.8K,8032,flop ,Babe we’re still waiting for the visuals,1-25
https://www.tiktok.com/@beyonce/video/7125644041206730027,beyonce,2022-7-29,RENAISSANCE…,,557.8K,8032,charleneford418 ,🎊💖🔥💋🌸🌹🍤🧁,2022-10-4
https://www.tiktok.com/@beyonce/video/7125644041206730027,beyonce,2022-7-29,RENAISSANCE…,,557.8K,8032,Pamela Wade ,❤️❤️❤️❤️❤️❤️❤️,2022-10-2
https://www.tiktok.com/@beyonce/video/7125644041206730027,beyonce,2022-7-29,RENAISSANCE…,,557.8K,8032,eddiehancock681 ,connector,2022-9-28
https://www.tiktok.com/@beyonce/video/7125644041206730027,beyonce,2022-7-29,RENAISSANCE…,,557.8K,8032,EvJenadeMoodleyNaicker ,💫🙃🌐🤩🌝🌟💥🙏🌹😘🌏👍😍❤🌞💋,2022-9-18
https://www.tiktok.com/@beyonce/video/7125644041206730027,beyonce,2022-7-29,RENAISSANCE…,,557.8K,8032,OFF  LINE🥺💔 ,plz promotes 🥰,2022-9-12
https://www.tiktok.com/@beyonce/video/7125644041206730027,beyonce,2022-7-29,RENAISSANCE…,,557.8K,8032,🎭🎬￼ actress Harris🎭🎬🎥 ,Yesssss❤️❤️❤️🐝🐝🐝🐝💛🖤💛🖤💛🐝💛🐝💛🖤,2022-9-4
https://www.tiktok.com/@beyonce/video/7125644041206730027,beyonce,2022-7-29,RENAISSANCE…,,557.8K,8032,Ana Ayuso ,♍️♍️♍️♍️♍️♍️♍️♍️♍️♍️💜,2022-9-3
https://www.tiktok.com/@beyonce/video/7125644041206730027,beyonce,2022-7-29,RENAISSANCE…,,557.8K,8032,Beyerih ,o mulher q Album incrível so,2022-7-29
https://www.tiktok.com/@beyonce/video/7125644041206730027,beyonce,2022-7-29,RENAISSANCE…,,557.8K,8032,Dêdé-shakur❤️💯 ,🥰fl bk ✌🏽,5d ago 
https://www.tiktok.com/@beyonce/video/7125644041206730027,beyonce,2022-7-29,RENAISSANCE…,,557.8K,8032,Luana bosco ,https://youtube.com/@LuanaBosco,5-19
https://www.tiktok.com/@beyonce/video/7125644041206730027,beyonce,2022-7-29,RENAISSANCE…,,557.8K,8032,pablomunoz119 ,y que pasado solamente existe cuando ella lo crea todo puede ser un sueño como todas las cosas,5-9
https://www.tiktok.com/@beyonce/video/7125644041206730027,beyonce,2022-7-29,RENAISSANCE…,,557.8K,8032,taiane9181 ,😈😈😈😈😈😈😈😈😈😈😈😈😈😈😈😈😈😈😈😈😈😈😈😈😈😈😈,2-9
https://www.tiktok.com/@beyonce/video/7125644041206730027,beyonce,2022-7-29,RENAISSANCE…,,557.8K,8032,Apple User372724300 ,Ehwrh ees und ich haben die Kinder und die sind auch noch nicht so viel Spaß gemacht und ich habe es auch noch mal auf den Kopf gemacht ich hab mich,1-22
